{
"type": "FeatureCollection",
"name": "merged_gdf",
"crs": { "type": "name", "properties": { "name": "urn:ogc:def:crs:EPSG::32617" } },
"features": [
{ "type": "Feature", "properties": { "release": 2, "capture_dates_range": "2/3/2020-2/23/2020", "vda_id": "FMB1744", "ffe_elev_status": "elevated", "ffe_ft": 14.82364217, "ffe_lhsm_ft": 10.92268371, "ffe_foundation": "Wall" }, "geometry": { "type": "Polygon", "coordinates": [ [ [ 407899.295089845021721, 2924932.770413829945028 ], [ 407917.25736824417254, 2924948.591612277086824 ], [ 407913.79541038942989, 2924952.493236932903528 ], [ 407914.798852741194423, 2924953.372153079602867 ], [ 407905.204294800118078, 2924964.185231685638428 ], [ 407891.456806249043439, 2924952.09979354031384 ], [ 407899.073102111520711, 2924943.51620695181191 ], [ 407893.854077307973057, 2924938.790787061676383 ], [ 407899.295089845021721, 2924932.770413829945028 ] ] ] } },
{ "type": "Feature", "properties": { "release": 2, "capture_dates_range": "2/3/2020-2/23/2020", "vda_id": "FMB2182", "ffe_elev_status": "not-elevated", "ffe_ft": 0.0, "ffe_lhsm_ft": null, "ffe_foundation": "Slab-on-Grade" }, "geometry": { "type": "Polygon", "coordinates": [ [ [ 407982.757499655243009, 2924543.829752604477108 ], [ 407993.753970195364673, 2924533.782051979098469 ], [ 408000.184741596924141, 2924540.603357651270926 ], [ 407989.189066627528518, 2924550.761812036391348 ], [ 407982.757499655243009, 2924543.829752604477108 ] ] ] } },
{ "type": "Feature", "properties": { "release": 2, "capture_dates_range": "2/3/2020-2/23/2020", "vda_id": "FMB2222", "ffe_elev_status": "not-elevated", "ffe_ft": 0.0, "ffe_lhsm_ft": null, "ffe_foundation": "Slab-on-Grade" }, "geometry": { "type": "Polygon", "coordinates": [ [ [ 407862.818084109050687, 2924754.811574786435813 ], [ 407867.760336086153984, 2924762.640389696229249 ], [ 407853.564706768549513, 2924771.49277641158551 ], [ 407848.621653497219086, 2924763.553207512479275 ], [ 407862.818084109050687, 2924754.811574786435813 ] ] ] } },
{ "type": "Feature", "properties": { "release": 2, "capture_dates_range": "2/3/2020-2/23/2020", "vda_id": "FMB1747", "ffe_elev_status": "not-elevated", "ffe_ft": 0.0, "ffe_lhsm_ft": null, "ffe_foundation": "Slab-on-Grade" }, "geometry": { "type": "Polygon", "coordinates": [ [ [ 407760.857258427189663, 2924969.431437375955284 ], [ 407772.096231377392542, 2924979.319475449156016 ], [ 407763.885774577560369, 2924988.461238885298371 ], [ 407752.647599244548474, 2924978.683967204764485 ], [ 407760.857258427189663, 2924969.431437375955284 ] ] ] } },
{ "type": "Feature", "properties": { "release": 2, "capture_dates_range": "2/3/2020-2/23/2020", "vda_id": "FMB2223", "ffe_elev_status": "not-elevated", "ffe_ft": 0.0, "ffe_lhsm_ft": null, "ffe_foundation": "Slab-on-Grade" }, "geometry": { "type": "Polygon", "coordinates": [ [ [ 407834.579547889064997, 2924752.13452958734706 ], [ 407842.030725285236258, 2924748.314992595463991 ], [ 407842.63773606804898, 2924749.529046276584268 ], [ 407851.082832700049039, 2924745.259315052535385 ], [ 407855.633416455704719, 2924754.087823309935629 ], [ 407842.02331252786098, 2924761.163778078742325 ], [ 407839.292958656849805, 2924755.866675670258701 ], [ 407837.10730226006126, 2924756.99002682371065 ], [ 407834.579547889064997, 2924752.13452958734706 ] ] ] } },
{ "type": "Feature", "properties": { "release": 2, "capture_dates_range": "2/3/2020-2/23/2020", "vda_id": "FMB1749", "ffe_elev_status": "not-elevated", "ffe_ft": 0.0, "ffe_lhsm_ft": null, "ffe_foundation": "Slab-on-Grade" }, "geometry": { "type": "Polygon", "coordinates": [ [ [ 407688.228648009535391, 2924908.81160634290427 ], [ 407681.698100953886751, 2924915.836798136122525 ], [ 407670.758924902591389, 2924906.057442705146968 ], [ 407677.288674251001794, 2924898.921486133243889 ], [ 407688.228648009535391, 2924908.81160634290427 ] ] ] } },
{ "type": "Feature", "properties": { "release": 2, "capture_dates_range": "2/3/2020-2/23/2020", "vda_id": "FMB2771", "ffe_elev_status": "elevated", "ffe_ft": 8.150062422, "ffe_lhsm_ft": 7.043982522, "ffe_foundation": "Piles/Columns" }, "geometry": { "type": "Polygon", "coordinates": [ [ [ 407667.389295014785603, 2924784.240195377729833 ], [ 407672.007818622339983, 2924788.637554402928799 ], [ 407663.397667955083307, 2924797.671489696484059 ], [ 407650.547156300395727, 2924785.579841295257211 ], [ 407655.791896542476024, 2924780.00383711187169 ], [ 407664.123594300530385, 2924787.697415192611516 ], [ 407667.389295014785603, 2924784.240195377729833 ] ] ] } },
{ "type": "Feature", "properties": { "release": 2, "capture_dates_range": "2/3/2020-2/23/2020", "vda_id": "FMB2224", "ffe_elev_status": "not-elevated", "ffe_ft": 0.0, "ffe_lhsm_ft": null, "ffe_foundation": "Slab-on-Grade" }, "geometry": { "type": "Polygon", "coordinates": [ [ [ 407899.807509431033395, 2924670.807695140130818 ], [ 407907.920947827398777, 2924661.999024403747171 ], [ 407919.06273626559414, 2924672.220185254234821 ], [ 407910.949297247221693, 2924681.028849025256932 ], [ 407899.807509431033395, 2924670.807695140130818 ] ] ] } },
{ "type": "Feature", "properties": { "release": 2, "capture_dates_range": "2/3/2020-2/23/2020", "vda_id": "FMB1753", "ffe_elev_status": "elevated", "ffe_ft": 7.179060773, "ffe_lhsm_ft": 5.397790055, "ffe_foundation": "Piles/Columns" }, "geometry": { "type": "Polygon", "coordinates": [ [ [ 407776.765417081944179, 2924754.986842607613653 ], [ 407788.375725860358216, 2924747.149837119970471 ], [ 407793.715273763053119, 2924754.754239578265697 ], [ 407782.00605550466571, 2924762.702716398984194 ], [ 407776.765417081944179, 2924754.986842607613653 ] ] ] } },
{ "type": "Feature", "properties": { "release": 2, "capture_dates_range": "2/3/2020-2/23/2020", "vda_id": "FMB1754", "ffe_elev_status": "elevated", "ffe_ft": 7.938706294, "ffe_lhsm_ft": 6.409230769, "ffe_foundation": "Wall" }, "geometry": { "type": "Polygon", "coordinates": [ [ [ 407766.884258416248485, 2924781.419940293766558 ], [ 407762.638956017210148, 2924787.321006244048476 ], [ 407752.215808481676504, 2924779.97470025299117 ], [ 407756.461108789895661, 2924774.073630840051919 ], [ 407766.884258416248485, 2924781.419940293766558 ] ] ] } },
{ "type": "Feature", "properties": { "release": 2, "capture_dates_range": "2/3/2020-2/23/2020", "vda_id": "FMB1755", "ffe_elev_status": "elevated", "ffe_ft": 7.703724928, "ffe_lhsm_ft": 6.740759312, "ffe_foundation": "Piles/Columns" }, "geometry": { "type": "Polygon", "coordinates": [ [ [ 407735.682376559590921, 2924699.456705446820706 ], [ 407746.7062474838458, 2924707.130975012667477 ], [ 407740.486640081799123, 2924715.815368594136089 ], [ 407729.461975857499056, 2924708.030345164239407 ], [ 407735.682376559590921, 2924699.456705446820706 ] ] ] } },
{ "type": "Feature", "properties": { "release": 2, "capture_dates_range": "2/3/2020-2/23/2020", "vda_id": "FMB2844", "ffe_elev_status": null, "ffe_ft": null, "ffe_lhsm_ft": null, "ffe_foundation": null }, "geometry": { "type": "Polygon", "coordinates": [ [ [ 408198.01611457724357, 2924553.696463881991804 ], [ 408233.93025594134815, 2924542.030761357396841 ], [ 408238.416574145259801, 2924555.844270898494869 ], [ 408242.793567643093411, 2924554.373024092055857 ], [ 408247.584550386993214, 2924568.959711068775505 ], [ 408235.248898054414894, 2924573.035468731541187 ], [ 408232.394402581208851, 2924564.305468019098043 ], [ 408228.017413584340829, 2924565.776718524284661 ], [ 408227.71114984259475, 2924564.782026192639023 ], [ 408217.16633649909636, 2924568.291167358402163 ], [ 408217.776488363509998, 2924569.948274211026728 ], [ 408214.294525101722684, 2924571.080832255072892 ], [ 408217.252704556740355, 2924580.363911608699709 ], [ 408204.617939063406084, 2924584.441839372273535 ], [ 408199.931378072767984, 2924570.519008188508451 ], [ 408203.213918222929351, 2924569.387873089406639 ], [ 408198.01611457724357, 2924553.696463881991804 ] ] ] } },
{ "type": "Feature", "properties": { "release": 2, "capture_dates_range": "2/3/2020-2/23/2020", "vda_id": "FMB2184", "ffe_elev_status": "not-elevated", "ffe_ft": 0.0, "ffe_lhsm_ft": null, "ffe_foundation": "Slab-on-Grade" }, "geometry": { "type": "Polygon", "coordinates": [ [ [ 408118.829791569849476, 2924566.004389539361 ], [ 408102.348355153051671, 2924575.980503286700696 ], [ 408097.000991020235233, 2924567.268385825678706 ], [ 408113.382723827962764, 2924557.292979655787349 ], [ 408118.829791569849476, 2924566.004389539361 ] ] ] } },
{ "type": "Feature", "properties": { "release": 2, "capture_dates_range": "2/3/2020-2/23/2020", "vda_id": "FMB2185", "ffe_elev_status": "not-elevated", "ffe_ft": 0.0, "ffe_lhsm_ft": null, "ffe_foundation": "Slab-on-Grade" }, "geometry": { "type": "Polygon", "coordinates": [ [ [ 408078.537216581054963, 2924537.161862351931632 ], [ 408069.515863552223891, 2924544.536979443393648 ], [ 408063.480802804173436, 2924537.269745465368032 ], [ 408072.402446402993519, 2924529.895338690374047 ], [ 408078.537216581054963, 2924537.161862351931632 ] ] ] } },
{ "type": "Feature", "properties": { "release": 2, "capture_dates_range": "2/3/2020-2/23/2020", "vda_id": "FMB2225", "ffe_elev_status": "elevated", "ffe_ft": 7.150760234, "ffe_lhsm_ft": 5.729775828, "ffe_foundation": "Wall" }, "geometry": { "type": "Polygon", "coordinates": [ [ [ 408035.786737208254635, 2924721.891709752380848 ], [ 408048.204750869714189, 2924729.334707671776414 ], [ 408041.405751878861338, 2924740.681458367966115 ], [ 408028.987744728510734, 2924733.238467126619071 ], [ 408035.786737208254635, 2924721.891709752380848 ] ] ] } },
{ "type": "Feature", "properties": { "release": 2, "capture_dates_range": "2/3/2020-2/23/2020", "vda_id": "FMB3355", "ffe_elev_status": "elevated", "ffe_ft": 8.253846154, "ffe_lhsm_ft": 6.067692308, "ffe_foundation": "Piles/Columns" }, "geometry": { "type": "Polygon", "coordinates": [ [ [ 407982.237715543305967, 2924777.215073814615607 ], [ 407991.744276648794767, 2924781.909778387285769 ], [ 407986.73059208644554, 2924791.914578473195434 ], [ 407977.323745693371166, 2924787.219162474852055 ], [ 407982.237715543305967, 2924777.215073814615607 ] ] ] } },
{ "type": "Feature", "properties": { "release": 2, "capture_dates_range": "2/3/2020-2/23/2020", "vda_id": "FMB2226", "ffe_elev_status": "elevated", "ffe_ft": 9.30042735, "ffe_lhsm_ft": 7.307478632, "ffe_foundation": "Piles/Columns" }, "geometry": { "type": "Polygon", "coordinates": [ [ [ 407957.447444161283784, 2924810.400855789426714 ], [ 407944.925407561007887, 2924816.250481333117932 ], [ 407940.571940640744288, 2924807.088234457653016 ], [ 407953.193693858745974, 2924801.237889501266181 ], [ 407957.447444161283784, 2924810.400855789426714 ] ] ] } },
{ "type": "Feature", "properties": { "release": 2, "capture_dates_range": "2/3/2020-2/23/2020", "vda_id": "FMB1759", "ffe_elev_status": "elevated", "ffe_ft": 6.729422067, "ffe_lhsm_ft": 5.652714536, "ffe_foundation": "Piles/Columns" }, "geometry": { "type": "Polygon", "coordinates": [ [ [ 407811.873366878833622, 2924770.020068523474038 ], [ 407816.226938703155611, 2924779.182274338323623 ], [ 407807.382241700601298, 2924783.3441366921179 ], [ 407803.028664733748883, 2924774.181933686602861 ], [ 407811.873366878833622, 2924770.020068523474038 ] ] ] } },
{ "type": "Feature", "properties": { "release": 2, "capture_dates_range": "2/3/2020-2/23/2020", "vda_id": "FMB1760", "ffe_elev_status": "elevated", "ffe_ft": 7.36, "ffe_lhsm_ft": 6.133333333, "ffe_foundation": "Piles/Columns" }, "geometry": { "type": "Polygon", "coordinates": [ [ [ 407737.518158947699703, 2924746.740141363348812 ], [ 407734.646489551931154, 2924749.529918428044766 ], [ 407736.955745772225782, 2924751.728609596379101 ], [ 407729.430382092949003, 2924759.093221399467438 ], [ 407720.190165342879482, 2924749.855427498463541 ], [ 407730.487489300372545, 2924739.701748926658183 ], [ 407737.518158947699703, 2924746.740141363348812 ] ] ] } },
{ "type": "Feature", "properties": { "release": 2, "capture_dates_range": "2/3/2020-2/23/2020", "vda_id": "FMB1761", "ffe_elev_status": "elevated", "ffe_ft": 8.614197002, "ffe_lhsm_ft": 8.273040685, "ffe_foundation": "Piles/Columns" }, "geometry": { "type": "Polygon", "coordinates": [ [ [ 407642.31585308193462, 2924819.533189637120813 ], [ 407634.407695961883292, 2924829.115917314309627 ], [ 407625.379635909805074, 2924821.648902812507004 ], [ 407633.287791336770169, 2924812.066169599071145 ], [ 407642.31585308193462, 2924819.533189637120813 ] ] ] } },
{ "type": "Feature", "properties": { "release": 2, "capture_dates_range": "2/3/2020-2/23/2020", "vda_id": "FMB1762", "ffe_elev_status": "not-elevated", "ffe_ft": 0.0, "ffe_lhsm_ft": null, "ffe_foundation": "Slab-on-Grade" }, "geometry": { "type": "Polygon", "coordinates": [ [ [ 407634.521712511545047, 2924858.800119266379625 ], [ 407628.291091444261838, 2924865.933943419251591 ], [ 407616.752780665119644, 2924856.048180790618062 ], [ 407622.982602981035598, 2924848.803591805044562 ], [ 407634.521712511545047, 2924858.800119266379625 ] ] ] } },
{ "type": "Feature", "properties": { "release": 2, "capture_dates_range": "2/3/2020-2/23/2020", "vda_id": "FMB2227", "ffe_elev_status": "elevated", "ffe_ft": 10.2, "ffe_lhsm_ft": 8.666666667, "ffe_foundation": "Wall" }, "geometry": { "type": "Polygon", "coordinates": [ [ [ 407928.343813541403506, 2924798.314798617269844 ], [ 407941.754502630792558, 2924791.240366360638291 ], [ 407945.999521665333305, 2924799.18497783318162 ], [ 407932.489129601046443, 2924806.260121491737664 ], [ 407928.343813541403506, 2924798.314798617269844 ] ] ] } },
{ "type": "Feature", "properties": { "release": 2, "capture_dates_range": "2/3/2020-2/23/2020", "vda_id": "FMB1763", "ffe_elev_status": "elevated", "ffe_ft": 10.87150259, "ffe_lhsm_ft": 7.665803109, "ffe_foundation": "Wall" }, "geometry": { "type": "Polygon", "coordinates": [ [ [ 407801.584940810105763, 2924823.039653348736465 ], [ 407809.402269308338873, 2924814.676100635435432 ], [ 407819.440844162309077, 2924824.018983691930771 ], [ 407811.523806187207811, 2924832.383246902842075 ], [ 407801.584940810105763, 2924823.039653348736465 ] ] ] } },
{ "type": "Feature", "properties": { "release": 2, "capture_dates_range": "2/3/2020-2/23/2020", "vda_id": "FMB1764", "ffe_elev_status": "elevated", "ffe_ft": 9.420272572, "ffe_lhsm_ft": 8.563884157, "ffe_foundation": "Piles/Columns" }, "geometry": { "type": "Polygon", "coordinates": [ [ [ 407706.574322366097476, 2924894.723211762495339 ], [ 407714.986610420804936, 2924885.912256453651935 ], [ 407725.72794403496664, 2924895.914601827040315 ], [ 407717.315655717917252, 2924904.725550178904086 ], [ 407706.574322366097476, 2924894.723211762495339 ] ] ] } },
{ "type": "Feature", "properties": { "release": 2, "capture_dates_range": "2/3/2020-2/23/2020", "vda_id": "FMB1766", "ffe_elev_status": "elevated", "ffe_ft": 7.838950276, "ffe_lhsm_ft": 6.793756906, "ffe_foundation": "Piles/Columns" }, "geometry": { "type": "Polygon", "coordinates": [ [ [ 407654.551296186225954, 2924843.148817325476557 ], [ 407650.791056016692892, 2924847.163426493294537 ], [ 407640.852877466822974, 2924837.930713468696922 ], [ 407650.649129286000971, 2924827.448277362622321 ], [ 407657.976533915614709, 2924834.152195704169571 ], [ 407651.841610072064213, 2924840.731493405532092 ], [ 407654.551296186225954, 2924843.148817325476557 ] ] ] } },
{ "type": "Feature", "properties": { "release": 2, "capture_dates_range": "2/3/2020-2/23/2020", "vda_id": null, "ffe_elev_status": null, "ffe_ft": null, "ffe_lhsm_ft": null, "ffe_foundation": null }, "geometry": { "type": "Polygon", "coordinates": [ [ [ 408030.000385577615816, 2924721.490131198894233 ], [ 408025.261953417444602, 2924728.169994072522968 ], [ 408018.748252197168767, 2924723.675335010513663 ], [ 408023.486682818213012, 2924716.995469718240201 ], [ 408030.000385577615816, 2924721.490131198894233 ] ] ] } },
{ "type": "Feature", "properties": { "release": 2, "capture_dates_range": "2/3/2020-2/23/2020", "vda_id": "FMB2186", "ffe_elev_status": "not-elevated", "ffe_ft": 0.0, "ffe_lhsm_ft": null, "ffe_foundation": "Slab-on-Grade" }, "geometry": { "type": "Polygon", "coordinates": [ [ [ 408113.084680485422723, 2924710.59364049276337 ], [ 408121.404000035836361, 2924702.66975275054574 ], [ 408132.555888642324135, 2924714.330962577369064 ], [ 408124.136860442114994, 2924722.255557311698794 ], [ 408113.084680485422723, 2924710.59364049276337 ] ] ] } },
{ "type": "Feature", "properties": { "release": 2, "capture_dates_range": "2/3/2020-2/23/2020", "vda_id": "FMB2187", "ffe_elev_status": null, "ffe_ft": null, "ffe_lhsm_ft": null, "ffe_foundation": null }, "geometry": { "type": "Polygon", "coordinates": [ [ [ 408112.40317744994536, 2924657.209869640879333 ], [ 408121.513870641298126, 2924648.394197033252567 ], [ 408130.05191931000445, 2924657.083474909886718 ], [ 408120.941226901079062, 2924665.899141560308635 ], [ 408112.40317744994536, 2924657.209869640879333 ] ] ] } },
{ "type": "Feature", "properties": { "release": 2, "capture_dates_range": "2/3/2020-2/23/2020", "vda_id": "FMB2188", "ffe_elev_status": "elevated", "ffe_ft": 9.854489016, "ffe_lhsm_ft": 7.382282713, "ffe_foundation": "Wall" }, "geometry": { "type": "Polygon", "coordinates": [ [ [ 408063.952459839580115, 2924575.258704194333404 ], [ 408070.793127708602697, 2924583.627813938073814 ], [ 408057.211303707910702, 2924594.690859811380506 ], [ 408050.370632299920544, 2924586.321757106576115 ], [ 408063.952459839580115, 2924575.258704194333404 ] ] ] } },
{ "type": "Feature", "properties": { "release": 2, "capture_dates_range": "2/3/2020-2/23/2020", "vda_id": "FMB2228", "ffe_elev_status": "elevated", "ffe_ft": 8.680970874, "ffe_lhsm_ft": 5.736548004, "ffe_foundation": "Wall" }, "geometry": { "type": "Polygon", "coordinates": [ [ [ 408010.625050408183597, 2924661.594486917834729 ], [ 408017.752581397944596, 2924654.343666058499366 ], [ 408027.692996645928361, 2924663.908942638430744 ], [ 408020.466549563512672, 2924671.271232107188553 ], [ 408010.625050408183597, 2924661.594486917834729 ] ] ] } },
{ "type": "Feature", "properties": { "release": 2, "capture_dates_range": "2/3/2020-2/23/2020", "vda_id": "FMB2189", "ffe_elev_status": "elevated", "ffe_ft": 9.150326797, "ffe_lhsm_ft": 7.930283224, "ffe_foundation": "Piles/Columns" }, "geometry": { "type": "Polygon", "coordinates": [ [ [ 407980.288548815646209, 2924547.170406342949718 ], [ 407972.068919315875974, 2924555.093668401706964 ], [ 407961.92260117107071, 2924544.643789859022945 ], [ 407970.241942992608529, 2924536.719806176610291 ], [ 407980.288548815646209, 2924547.170406342949718 ] ] ] } },
{ "type": "Feature", "properties": { "release": 2, "capture_dates_range": "2/3/2020-2/23/2020", "vda_id": "FMB1777", "ffe_elev_status": "elevated", "ffe_ft": 5.507608696, "ffe_lhsm_ft": 5.201630435, "ffe_foundation": "Piles/Columns" }, "geometry": { "type": "Polygon", "coordinates": [ [ [ 407902.359455567668192, 2924873.48917242558673 ], [ 407914.529021030059084, 2924860.220782330259681 ], [ 407921.554752838448621, 2924866.594716520514339 ], [ 407909.385186687577516, 2924879.863100023008883 ], [ 407902.359455567668192, 2924873.48917242558673 ] ] ] } },
{ "type": "Feature", "properties": { "release": 2, "capture_dates_range": "2/3/2020-2/23/2020", "vda_id": "FMB2229", "ffe_elev_status": "elevated", "ffe_ft": 7.595870647, "ffe_lhsm_ft": 6.19159204, "ffe_foundation": "Piles/Columns" }, "geometry": { "type": "Polygon", "coordinates": [ [ [ 407865.498869924340397, 2924725.439616637304425 ], [ 407853.699418841279112, 2924734.717852318659425 ], [ 407848.064747817756142, 2924727.669370640069246 ], [ 407859.864201719174162, 2924718.391129929106683 ], [ 407865.498869924340397, 2924725.439616637304425 ] ] ] } },
{ "type": "Feature", "properties": { "release": 2, "capture_dates_range": "2/3/2020-2/23/2020", "vda_id": "FMB2772", "ffe_elev_status": "elevated", "ffe_ft": 7.780673712, "ffe_lhsm_ft": 6.684068692, "ffe_foundation": "Piles/Columns" }, "geometry": { "type": "Polygon", "coordinates": [ [ [ 407722.488340826821513, 2924833.687983100302517 ], [ 407715.476719499041792, 2924843.153445140458643 ], [ 407705.353511725028511, 2924835.915784629993141 ], [ 407712.364333168487065, 2924826.339557789731771 ], [ 407722.488340826821513, 2924833.687983100302517 ] ] ] } },
{ "type": "Feature", "properties": { "release": 2, "capture_dates_range": "2/3/2020-2/23/2020", "vda_id": "FMB2773", "ffe_elev_status": "elevated", "ffe_ft": 7.707029289, "ffe_lhsm_ft": 6.629351464, "ffe_foundation": "Wall" }, "geometry": { "type": "Polygon", "coordinates": [ [ [ 407720.96198722277768, 2924787.842261377722025 ], [ 407725.611561092198826, 2924796.559249677695334 ], [ 407719.849926928756759, 2924799.591348301619291 ], [ 407721.163676868192852, 2924802.018727581482381 ], [ 407715.898999396828003, 2924804.825723426882178 ], [ 407709.934075510362163, 2924793.459841636940837 ], [ 407720.96198722277768, 2924787.842261377722025 ] ] ] } },
{ "type": "Feature", "properties": { "release": 2, "capture_dates_range": "2/3/2020-2/23/2020", "vda_id": "FMB1778", "ffe_elev_status": "elevated", "ffe_ft": 8.635913186, "ffe_lhsm_ft": 6.357502048, "ffe_foundation": "Piles/Columns" }, "geometry": { "type": "Polygon", "coordinates": [ [ [ 407706.406524057965726, 2924718.940391104668379 ], [ 407718.665955978794955, 2924732.03323141252622 ], [ 407711.732475251483265, 2924738.507476022467017 ], [ 407699.473041913646739, 2924725.414642206393182 ], [ 407706.406524057965726, 2924718.940391104668379 ] ] ] } },
{ "type": "Feature", "properties": { "release": 2, "capture_dates_range": "2/3/2020-2/23/2020", "vda_id": "FMB2183", "ffe_elev_status": "not-elevated", "ffe_ft": 3.298814655, "ffe_lhsm_ft": null, "ffe_foundation": "Crawlspace" }, "geometry": { "type": "Polygon", "coordinates": [ [ [ 407986.640304390515666, 2924529.070179163478315 ], [ 407975.935819114849437, 2924538.118907816708088 ], [ 407968.192100183630828, 2924528.980969750788063 ], [ 407978.996299641090445, 2924519.931519635021687 ], [ 407986.640304390515666, 2924529.070179163478315 ] ] ] } },
{ "type": "Feature", "properties": { "release": 2, "capture_dates_range": "2/3/2020-2/23/2020", "vda_id": "FMB1781", "ffe_elev_status": "elevated", "ffe_ft": 9.283926941000001, "ffe_lhsm_ft": 7.083105023, "ffe_foundation": "Piles/Columns" }, "geometry": { "type": "Polygon", "coordinates": [ [ [ 407863.199631867697462, 2924863.469234860502183 ], [ 407871.727384178899229, 2924870.718474158551544 ], [ 407864.507509104209021, 2924878.966933211777359 ], [ 407856.078671038849279, 2924871.606223243288696 ], [ 407863.199631867697462, 2924863.469234860502183 ] ] ] } },
{ "type": "Feature", "properties": { "release": 2, "capture_dates_range": "2/3/2020-2/23/2020", "vda_id": "FMB1782", "ffe_elev_status": "elevated", "ffe_ft": 8.442150538, "ffe_lhsm_ft": 17.07274194, "ffe_foundation": "Wall" }, "geometry": { "type": "Polygon", "coordinates": [ [ [ 407850.105014084780123, 2924997.810418142937124 ], [ 407864.558405653107911, 2925010.998391656205058 ], [ 407854.960751355392858, 2925021.36847409652546 ], [ 407857.168640432995744, 2925023.346383375581354 ], [ 407852.913834638078697, 2925027.918311335146427 ], [ 407836.352263128443155, 2925012.751728312578052 ], [ 407850.105014084780123, 2924997.810418142937124 ] ] ] } },
{ "type": "Feature", "properties": { "release": 2, "capture_dates_range": "2/3/2020-2/23/2020", "vda_id": "FMB1784", "ffe_elev_status": "elevated", "ffe_ft": 0.516853933, "ffe_lhsm_ft": null, "ffe_foundation": "Slab-on-Grade" }, "geometry": { "type": "Polygon", "coordinates": [ [ [ 407644.051443340489641, 2924880.552214180584997 ], [ 407650.18634339235723, 2924873.972911753691733 ], [ 407653.900287100346759, 2924877.379890848882496 ], [ 407657.264872801490128, 2924873.811190277338028 ], [ 407664.592248421628028, 2924880.515111915301532 ], [ 407655.092762132408097, 2924890.663107795640826 ], [ 407644.051443340489641, 2924880.552214180584997 ] ] ] } },
{ "type": "Feature", "properties": { "release": 2, "capture_dates_range": "2/3/2020-2/23/2020", "vda_id": "FMB2190", "ffe_elev_status": "elevated", "ffe_ft": 3.095022624, "ffe_lhsm_ft": null, "ffe_foundation": "Slab-on-Grade" }, "geometry": { "type": "Polygon", "coordinates": [ [ [ 408088.506764389574528, 2924495.110570131801069 ], [ 408082.980566840968095, 2924489.279624288901687 ], [ 408092.292375233722851, 2924480.684025231748819 ], [ 408101.837981554795988, 2924490.806012240704149 ], [ 408094.805261137662455, 2924497.391511814668775 ], [ 408090.785851053893566, 2924493.100476738996804 ], [ 408088.506764389574528, 2924495.110570131801069 ] ] ] } },
{ "type": "Feature", "properties": { "release": 2, "capture_dates_range": "2/3/2020-2/23/2020", "vda_id": "FMB2191", "ffe_elev_status": "elevated", "ffe_ft": 9.137142857000001, "ffe_lhsm_ft": 8.097142857, "ffe_foundation": "Piles/Columns" }, "geometry": { "type": "Polygon", "coordinates": [ [ [ 408038.119531970005482, 2924616.094546443317086 ], [ 408029.210673395136837, 2924625.241126788780093 ], [ 408018.969510187802371, 2924615.456474968232214 ], [ 408027.777863982832059, 2924606.199843257199973 ], [ 408038.119531970005482, 2924616.094546443317086 ] ] ] } },
{ "type": "Feature", "properties": { "release": 2, "capture_dates_range": "2/3/2020-2/23/2020", "vda_id": "FMB2230", "ffe_elev_status": "elevated", "ffe_ft": 7.659885387, "ffe_lhsm_ft": 6.711518625, "ffe_foundation": "Wall" }, "geometry": { "type": "Polygon", "coordinates": [ [ [ 408010.525778321316466, 2924647.749590469989926 ], [ 408003.296154275594745, 2924654.668852787464857 ], [ 407987.222531090665143, 2924638.058629005216062 ], [ 407994.452156547107734, 2924631.139357796404511 ], [ 408010.525778321316466, 2924647.749590469989926 ] ] ] } },
{ "type": "Feature", "properties": { "release": 2, "capture_dates_range": "2/3/2020-2/23/2020", "vda_id": "FMB2231", "ffe_elev_status": "not-elevated", "ffe_ft": 0.0, "ffe_lhsm_ft": null, "ffe_foundation": "Slab-on-Grade" }, "geometry": { "type": "Polygon", "coordinates": [ [ [ 407894.349993645970244, 2924660.656504532787949 ], [ 407890.104591783776414, 2924666.557524541392922 ], [ 407884.491385261004325, 2924662.499525491148233 ], [ 407886.465712364763021, 2924659.716227032244205 ], [ 407878.748242726433091, 2924654.233395318035036 ], [ 407885.560669454222079, 2924644.769463110715151 ], [ 407902.900442238082178, 2924657.161408578045666 ], [ 407898.359084682015236, 2924663.507609840948135 ], [ 407894.349993645970244, 2924660.656504532787949 ] ] ] } },
{ "type": "Feature", "properties": { "release": 2, "capture_dates_range": "2/3/2020-2/23/2020", "vda_id": "FMB2232", "ffe_elev_status": "not-elevated", "ffe_ft": 0.0, "ffe_lhsm_ft": 6.61011976, "ffe_foundation": "Slab-on-Grade" }, "geometry": { "type": "Polygon", "coordinates": [ [ [ 407836.90703289269004, 2924715.23308622604236 ], [ 407852.205890735029243, 2924707.258878642227501 ], [ 407857.663422301411629, 2924717.410052312538028 ], [ 407842.265659396827687, 2924725.49572923546657 ], [ 407836.90703289269004, 2924715.23308622604236 ] ] ] } },
{ "type": "Feature", "properties": { "release": 2, "capture_dates_range": "2/3/2020-2/23/2020", "vda_id": "FMB1788", "ffe_elev_status": "elevated", "ffe_ft": 8.598012471000001, "ffe_lhsm_ft": null, "ffe_foundation": "Piles/Columns" }, "geometry": { "type": "Polygon", "coordinates": [ [ [ 407819.376602783449925, 2924801.201865950133651 ], [ 407830.467655922111589, 2924790.488740185275674 ], [ 407836.193267198046669, 2924796.318146365694702 ], [ 407825.201924017746933, 2924807.030550836119801 ], [ 407819.376602783449925, 2924801.201865950133651 ] ] ] } },
{ "type": "Feature", "properties": { "release": 2, "capture_dates_range": "2/3/2020-2/23/2020", "vda_id": "FMB1789", "ffe_elev_status": "not-elevated", "ffe_ft": 0.0, "ffe_lhsm_ft": null, "ffe_foundation": "Slab-on-Grade" }, "geometry": { "type": "Polygon", "coordinates": [ [ [ 407809.202905324869789, 2925022.804905639495701 ], [ 407822.115550706512295, 2925015.84467986645177 ], [ 407828.077095076267142, 2925026.767574062105268 ], [ 407815.164457932114601, 2925033.727794155944139 ], [ 407809.202905324869789, 2925022.804905639495701 ] ] ] } },
{ "type": "Feature", "properties": { "release": 2, "capture_dates_range": "2/3/2020-2/23/2020", "vda_id": "FMB2774", "ffe_elev_status": "elevated", "ffe_ft": 8.328210784, "ffe_lhsm_ft": null, "ffe_foundation": "Piles/Columns" }, "geometry": { "type": "Polygon", "coordinates": [ [ [ 407777.001978959306143, 2924843.375579863321036 ], [ 407766.510862847906537, 2924854.305972287897021 ], [ 407754.060935610672459, 2924842.43287475546822 ], [ 407764.552051637321711, 2924831.502472287975252 ], [ 407777.001978959306143, 2924843.375579863321036 ] ] ] } },
{ "type": "Feature", "properties": { "release": 2, "capture_dates_range": "2/3/2020-2/23/2020", "vda_id": "FMB1790", "ffe_elev_status": "elevated", "ffe_ft": 14.45197368, "ffe_lhsm_ft": 11.82434211, "ffe_foundation": "Wall" }, "geometry": { "type": "Polygon", "coordinates": [ [ [ 407855.741611719306093, 2924810.798691708128899 ], [ 407860.391084612812847, 2924819.515726195182651 ], [ 407845.291777214501053, 2924827.488496334291995 ], [ 407840.641500820987858, 2924818.660707790404558 ], [ 407855.741611719306093, 2924810.798691708128899 ] ] ] } },
{ "type": "Feature", "properties": { "release": 2, "capture_dates_range": "2/3/2020-2/23/2020", "vda_id": "FMB2775", "ffe_elev_status": "elevated", "ffe_ft": 7.085783133, "ffe_lhsm_ft": 6.037590361, "ffe_foundation": "Wall" }, "geometry": { "type": "Polygon", "coordinates": [ [ [ 407835.160358733555768, 2924930.129627450369298 ], [ 407845.793894333299249, 2924939.02519406657666 ], [ 407839.366966989997309, 2924946.603383727837354 ], [ 407828.734228626126423, 2924937.818581650499254 ], [ 407835.160358733555768, 2924930.129627450369298 ] ] ] } },
{ "type": "Feature", "properties": { "release": 2, "capture_dates_range": "2/3/2020-2/23/2020", "vda_id": "FMB1791", "ffe_elev_status": "elevated", "ffe_ft": 7.747794562, "ffe_lhsm_ft": 6.328867069, "ffe_foundation": "Piles/Columns" }, "geometry": { "type": "Polygon", "coordinates": [ [ [ 407810.175126711605117, 2924977.716572273056954 ], [ 407816.797243196284398, 2924983.428760508541018 ], [ 407805.719111697748303, 2924995.914053992368281 ], [ 407798.193256333644968, 2924989.322247463278472 ], [ 407804.028258387930691, 2924982.634409273043275 ], [ 407800.315977557271253, 2924979.448906827252358 ], [ 407803.777894386323169, 2924975.547250201925635 ], [ 407808.493623368849512, 2924979.611661654431373 ], [ 407810.175126711605117, 2924977.716572273056954 ] ] ] } },
{ "type": "Feature", "properties": { "release": 2, "capture_dates_range": "2/3/2020-2/23/2020", "vda_id": "FMB2776", "ffe_elev_status": "elevated", "ffe_ft": 13.8405303, "ffe_lhsm_ft": 7.4875, "ffe_foundation": "Wall" }, "geometry": { "type": "Polygon", "coordinates": [ [ [ 407671.282950534019619, 2924743.339891199488193 ], [ 407678.008145963889547, 2924749.494330812245607 ], [ 407666.135444401181303, 2924762.428516736719757 ], [ 407659.410249558510259, 2924756.274083277210593 ], [ 407671.282950534019619, 2924743.339891199488193 ] ] ] } },
{ "type": "Feature", "properties": { "release": 2, "capture_dates_range": "2/3/2020-2/23/2020", "vda_id": "FMB1792", "ffe_elev_status": "not-elevated", "ffe_ft": 0.0, "ffe_lhsm_ft": null, "ffe_foundation": "Slab-on-Grade" }, "geometry": { "type": "Polygon", "coordinates": [ [ [ 407636.138587503752206, 2924861.779132900293916 ], [ 407647.580358420615084, 2924872.108667353633791 ], [ 407641.841104174382053, 2924878.242062446195632 ], [ 407630.499840107222553, 2924868.022574371192604 ], [ 407636.138587503752206, 2924861.779132900293916 ] ] ] } },
{ "type": "Feature", "properties": { "release": 2, "capture_dates_range": "2/3/2020-2/23/2020", "vda_id": "FMB1793", "ffe_elev_status": "elevated", "ffe_ft": 12.17417989, "ffe_lhsm_ft": 10.83798942, "ffe_foundation": "Piles/Columns" }, "geometry": { "type": "Polygon", "coordinates": [ [ [ 407755.478896261425689, 2924942.554220196325332 ], [ 407764.581178410386201, 2924932.63068539975211 ], [ 407775.019328031688929, 2924942.081424885895103 ], [ 407771.556613858614583, 2924945.872329841833562 ], [ 407774.868486011633649, 2924948.839173214510083 ], [ 407769.129208921454847, 2924954.97251118440181 ], [ 407755.478896261425689, 2924942.554220196325332 ] ] ] } },
{ "type": "Feature", "properties": { "release": 2, "capture_dates_range": "2/3/2020-2/23/2020", "vda_id": "FMB2192", "ffe_elev_status": "elevated", "ffe_ft": 8.194552529, "ffe_lhsm_ft": 6.793774319, "ffe_foundation": "Piles/Columns" }, "geometry": { "type": "Polygon", "coordinates": [ [ [ 408058.935157710511703, 2924570.864065173082054 ], [ 408043.571233252994716, 2924583.712133948225528 ], [ 408037.435669854283333, 2924576.334867493715137 ], [ 408052.799597588775214, 2924563.486791569273919 ], [ 408058.935157710511703, 2924570.864065173082054 ] ] ] } },
{ "type": "Feature", "properties": { "release": 2, "capture_dates_range": "2/3/2020-2/23/2020", "vda_id": "FMB2233", "ffe_elev_status": null, "ffe_ft": null, "ffe_lhsm_ft": null, "ffe_foundation": null }, "geometry": { "type": "Polygon", "coordinates": [ [ [ 408035.658398862287868, 2924815.267418889328837 ], [ 408044.703680556325708, 2924825.171417353209108 ], [ 408031.922991250408813, 2924836.67182039283216 ], [ 408022.877707084291615, 2924826.767830745317042 ], [ 408035.658398862287868, 2924815.267418889328837 ] ] ] } },
{ "type": "Feature", "properties": { "release": 2, "capture_dates_range": "2/3/2020-2/23/2020", "vda_id": "FMB2234", "ffe_elev_status": null, "ffe_ft": null, "ffe_lhsm_ft": null, "ffe_foundation": null }, "geometry": { "type": "Polygon", "coordinates": [ [ [ 407996.65856184985023, 2924841.466045730747283 ], [ 408009.31561725505162, 2924854.445534129161388 ], [ 407997.233744725701399, 2924866.051728057209402 ], [ 407984.575893137720414, 2924852.961492161732167 ], [ 407996.65856184985023, 2924841.466045730747283 ] ] ] } },
{ "type": "Feature", "properties": { "release": 2, "capture_dates_range": "2/3/2020-2/23/2020", "vda_id": "FMB1799", "ffe_elev_status": "elevated", "ffe_ft": 3.539632546, "ffe_lhsm_ft": 1.844899388, "ffe_foundation": "Crawlspace" }, "geometry": { "type": "Polygon", "coordinates": [ [ [ 407894.601863968535326, 2924848.511994724627584 ], [ 407890.545607183943503, 2924852.971716102212667 ], [ 407881.512151473783888, 2924844.729211417026818 ], [ 407885.569203267630655, 2924840.380246435292065 ], [ 407894.601863968535326, 2924848.511994724627584 ] ] ] } },
{ "type": "Feature", "properties": { "release": 2, "capture_dates_range": "2/3/2020-2/23/2020", "vda_id": "FMB1800", "ffe_elev_status": "elevated", "ffe_ft": 8.838477306, "ffe_lhsm_ft": 7.897101025, "ffe_foundation": "Wall" }, "geometry": { "type": "Polygon", "coordinates": [ [ [ 407851.093206559249666, 2924829.994415707420558 ], [ 407856.139389198098797, 2924824.530686810147017 ], [ 407860.757036224647891, 2924828.817352473270148 ], [ 407866.001846189028583, 2924823.241436062380672 ], [ 407874.33338599599665, 2924830.935146577656269 ], [ 407863.942683764616959, 2924841.975499622523785 ], [ 407851.093206559249666, 2924829.994415707420558 ] ] ] } },
{ "type": "Feature", "properties": { "release": 2, "capture_dates_range": "2/3/2020-2/23/2020", "vda_id": "FMB2235", "ffe_elev_status": "elevated", "ffe_ft": 7.675244444, "ffe_lhsm_ft": 5.897362963, "ffe_foundation": "Piles/Columns" }, "geometry": { "type": "Polygon", "coordinates": [ [ [ 407878.926809141063131, 2924734.647439875639975 ], [ 407870.607655206113122, 2924742.571490108501166 ], [ 407864.076403773447964, 2924735.640205483883619 ], [ 407872.396353902528062, 2924727.826910306699574 ], [ 407878.926809141063131, 2924734.647439875639975 ] ] ] } },
{ "type": "Feature", "properties": { "release": 2, "capture_dates_range": "2/3/2020-2/23/2020", "vda_id": "FMB1801", "ffe_elev_status": "elevated", "ffe_ft": 7.673483948, "ffe_lhsm_ft": 6.363376932, "ffe_foundation": "Piles/Columns" }, "geometry": { "type": "Polygon", "coordinates": [ [ [ 407741.068028858862817, 2924727.330743368715048 ], [ 407746.90312719513895, 2924720.642884005792439 ], [ 407749.711732565192506, 2924722.948751625604928 ], [ 407752.382398462912533, 2924719.938893786631525 ], [ 407756.796715740580112, 2924723.673161384649575 ], [ 407748.291747024282813, 2924733.481633643619716 ], [ 407741.068028858862817, 2924727.330743368715048 ] ] ] } },
{ "type": "Feature", "properties": { "release": 2, "capture_dates_range": "2/3/2020-2/23/2020", "vda_id": "FMB1802", "ffe_elev_status": "not-elevated", "ffe_ft": 0.0, "ffe_lhsm_ft": null, "ffe_foundation": "Slab-on-Grade" }, "geometry": { "type": "Polygon", "coordinates": [ [ [ 407663.737920613551978, 2924886.502571707591414 ], [ 407673.573148659081198, 2924895.292982000857592 ], [ 407667.539550735265948, 2924902.093074233736843 ], [ 407657.604614721320104, 2924893.303386272396892 ], [ 407663.737920613551978, 2924886.502571707591414 ] ] ] } },
{ "type": "Feature", "properties": { "release": 2, "capture_dates_range": "2/3/2020-2/23/2020", "vda_id": "FMB2193", "ffe_elev_status": "elevated", "ffe_ft": 10.76156584, "ffe_lhsm_ft": null, "ffe_foundation": "Wall" }, "geometry": { "type": "Polygon", "coordinates": [ [ [ 408126.2131729319226, 2924566.61610364029184 ], [ 408131.148983118473552, 2924573.558942484669387 ], [ 408117.55599313537823, 2924583.071294530294836 ], [ 408112.620178841985762, 2924576.128460723441094 ], [ 408126.2131729319226, 2924566.61610364029184 ] ] ] } },
{ "type": "Feature", "properties": { "release": 2, "capture_dates_range": "2/3/2020-2/23/2020", "vda_id": "FMB2236", "ffe_elev_status": "elevated", "ffe_ft": 8.897239057, "ffe_lhsm_ft": 7.324882155, "ffe_foundation": "Piles/Columns" }, "geometry": { "type": "Polygon", "coordinates": [ [ [ 408111.611199435137678, 2924755.463956829160452 ], [ 408114.521818578476086, 2924758.101465586107224 ], [ 408109.674128061858937, 2924763.452900862321258 ], [ 408102.449019936495461, 2924757.080294084735215 ], [ 408100.371779744571541, 2924759.421236327849329 ], [ 408095.354559861647431, 2924755.026584497652948 ], [ 408107.522849199711345, 2924741.536870168987662 ], [ 408112.540069815760944, 2924745.93152671540156 ], [ 408110.561742307734676, 2924748.160993821453303 ], [ 408114.776522174768616, 2924751.896809800062329 ], [ 408111.611199435137678, 2924755.463956829160452 ] ] ] } },
{ "type": "Feature", "properties": { "release": 2, "capture_dates_range": "2/3/2020-2/23/2020", "vda_id": "FMB2237", "ffe_elev_status": "elevated", "ffe_ft": 7.544774127, "ffe_lhsm_ft": 6.062176591, "ffe_foundation": "Piles/Columns" }, "geometry": { "type": "Polygon", "coordinates": [ [ [ 407896.376518251141533, 2924748.47852824954316 ], [ 407901.725541780062485, 2924757.412084261886775 ], [ 407887.128660180955194, 2924765.93501860788092 ], [ 407881.880134565348271, 2924757.11151162488386 ], [ 407896.376518251141533, 2924748.47852824954316 ] ] ] } },
{ "type": "Feature", "properties": { "release": 2, "capture_dates_range": "2/3/2020-2/23/2020", "vda_id": "FMB2777", "ffe_elev_status": "elevated", "ffe_ft": 9.034396552, "ffe_lhsm_ft": 6.039568966, "ffe_foundation": "Wall" }, "geometry": { "type": "Polygon", "coordinates": [ [ [ 407823.514826882572379, 2924905.291186573915184 ], [ 407835.188921773980837, 2924892.469336707144976 ], [ 407845.827261485508643, 2924902.029459253419191 ], [ 407834.153165431169327, 2924914.851299537345767 ], [ 407823.514826882572379, 2924905.291186573915184 ] ] ] } },
{ "type": "Feature", "properties": { "release": 2, "capture_dates_range": "2/3/2020-2/23/2020", "vda_id": "FMB2778", "ffe_elev_status": "elevated", "ffe_ft": 8.867448747, "ffe_lhsm_ft": 8.270159453, "ffe_foundation": "Wall" }, "geometry": { "type": "Polygon", "coordinates": [ [ [ 407761.723562467319425, 2924826.42762081278488 ], [ 407752.918737896019593, 2924836.127484692726284 ], [ 407744.689224397821818, 2924828.765411627478898 ], [ 407753.494048248976469, 2924819.065542155876756 ], [ 407761.723562467319425, 2924826.42762081278488 ] ] ] } },
{ "type": "Feature", "properties": { "release": 2, "capture_dates_range": "2/3/2020-2/23/2020", "vda_id": "FMB2779", "ffe_elev_status": "elevated", "ffe_ft": 8.416761434, "ffe_lhsm_ft": 6.771025958, "ffe_foundation": "Piles/Columns" }, "geometry": { "type": "Polygon", "coordinates": [ [ [ 407738.547610820620321, 2924862.149839107412845 ], [ 407746.265962247445714, 2924853.897721987217665 ], [ 407758.111261730082333, 2924864.88903979677707 ], [ 407750.492618678254075, 2924873.140432850923389 ], [ 407738.547610820620321, 2924862.149839107412845 ] ] ] } },
{ "type": "Feature", "properties": { "release": 2, "capture_dates_range": "2/3/2020-2/23/2020", "vda_id": "FMB2238", "ffe_elev_status": "not-elevated", "ffe_ft": 0.0, "ffe_lhsm_ft": null, "ffe_foundation": "Slab-on-Grade" }, "geometry": { "type": "Polygon", "coordinates": [ [ [ 408007.701533871120773, 2924712.78882046835497 ], [ 408010.075513075338677, 2924710.113440635614097 ], [ 408003.352051943191327, 2924704.180349668487906 ], [ 408009.980209462810308, 2924696.822339227423072 ], [ 408022.825690018420573, 2924708.249783936422318 ], [ 408013.823552188288886, 2924718.283166516572237 ], [ 408007.701533871120773, 2924712.78882046835497 ] ] ] } },
{ "type": "Feature", "properties": { "release": 2, "capture_dates_range": "2/3/2020-2/23/2020", "vda_id": "FMB2239", "ffe_elev_status": "elevated", "ffe_ft": 8.65014245, "ffe_lhsm_ft": 7.225413105, "ffe_foundation": "Wall" }, "geometry": { "type": "Polygon", "coordinates": [ [ [ 407859.429068540397566, 2924657.805844959802926 ], [ 407848.940112770185806, 2924669.068438585381955 ], [ 407841.813733516202774, 2924662.584498611744493 ], [ 407852.301893250260036, 2924651.211140024475753 ], [ 407859.429068540397566, 2924657.805844959802926 ] ] ] } },
{ "type": "Feature", "properties": { "release": 2, "capture_dates_range": "2/3/2020-2/23/2020", "vda_id": "FMB2240", "ffe_elev_status": "elevated", "ffe_ft": 9.375, "ffe_lhsm_ft": null, "ffe_foundation": "Wall" }, "geometry": { "type": "Polygon", "coordinates": [ [ [ 408020.327448228606954, 2924804.854668507352471 ], [ 408005.628456075733993, 2924813.045905155129731 ], [ 408000.678365123691037, 2924804.109447709750384 ], [ 408015.377364807121921, 2924795.918205689173192 ], [ 408020.327448228606954, 2924804.854668507352471 ] ] ] } },
{ "type": "Feature", "properties": { "release": 2, "capture_dates_range": "2/3/2020-2/23/2020", "vda_id": "FMB2241", "ffe_elev_status": "elevated", "ffe_ft": 7.021203566, "ffe_lhsm_ft": 5.714933135, "ffe_foundation": "Piles/Columns" }, "geometry": { "type": "Polygon", "coordinates": [ [ [ 407938.069407724484336, 2924569.515496744308621 ], [ 407927.0483698095195, 2924576.129713219124824 ], [ 407921.095462883473374, 2924566.425126534420997 ], [ 407932.115711644815747, 2924559.700146006420255 ], [ 407938.069407724484336, 2924569.515496744308621 ] ] ] } },
{ "type": "Feature", "properties": { "release": 2, "capture_dates_range": "2/3/2020-2/23/2020", "vda_id": "FMB3142", "ffe_elev_status": "elevated", "ffe_ft": 15.45625304, "ffe_lhsm_ft": 8.97459854, "ffe_foundation": "Piles/Columns" }, "geometry": { "type": "Polygon", "coordinates": [ [ [ 408216.720856727100909, 2924659.343016541097313 ], [ 408204.48263407626655, 2924663.085816281847656 ], [ 408201.726260148454458, 2924654.13358965748921 ], [ 408183.120047354896087, 2924659.804978725034744 ], [ 408186.387667485105339, 2924670.525780039839447 ], [ 408173.950835692172404, 2924674.380795850418508 ], [ 408169.663111096713692, 2924660.455119397491217 ], [ 408172.648079934879206, 2924659.547635048627853 ], [ 408168.055668502231129, 2924644.848786300979555 ], [ 408180.293899412150495, 2924641.105952098034322 ], [ 408179.579278820718173, 2924638.785005648154765 ], [ 408203.06103668815922, 2924631.638783591799438 ], [ 408207.552908695419319, 2924646.227597885765135 ], [ 408212.229791634948924, 2924644.864958363585174 ], [ 408216.720856727100909, 2924659.343016541097313 ] ] ] } },
{ "type": "Feature", "properties": { "release": 2, "capture_dates_range": "2/3/2020-2/23/2020", "vda_id": "FMB2242", "ffe_elev_status": "elevated", "ffe_ft": 8.287776224, "ffe_lhsm_ft": 7.993286713, "ffe_foundation": "Piles/Columns" }, "geometry": { "type": "Polygon", "coordinates": [ [ [ 407989.934002897236496, 2924793.663840526714921 ], [ 408003.446820842451416, 2924786.921036349609494 ], [ 408007.595269876008388, 2924795.309418895747513 ], [ 407994.081664568802807, 2924801.941459773574024 ], [ 407989.934002897236496, 2924793.663840526714921 ] ] ] } },
{ "type": "Feature", "properties": { "release": 2, "capture_dates_range": "2/3/2020-2/23/2020", "vda_id": "FMB2243", "ffe_elev_status": null, "ffe_ft": null, "ffe_lhsm_ft": null, "ffe_foundation": null }, "geometry": { "type": "Polygon", "coordinates": [ [ [ 407971.174323625746183, 2924764.002647334244102 ], [ 407961.846119715308305, 2924770.272402545437217 ], [ 407956.304082089511212, 2924762.226327067706734 ], [ 407965.731999131501652, 2924755.955852655693889 ], [ 407971.174323625746183, 2924764.002647334244102 ] ] ] } },
{ "type": "Feature", "properties": { "release": 2, "capture_dates_range": "2/3/2020-2/23/2020", "vda_id": "FMB1817", "ffe_elev_status": "elevated", "ffe_ft": 9.153846154, "ffe_lhsm_ft": 8.186153846, "ffe_foundation": "Piles/Columns" }, "geometry": { "type": "Polygon", "coordinates": [ [ [ 407949.091944651154336, 2924896.635911002755165 ], [ 407942.272460509906523, 2924905.102982032112777 ], [ 407933.247023799282033, 2924897.968034613411874 ], [ 407940.166214796714485, 2924889.500243245624006 ], [ 407949.091944651154336, 2924896.635911002755165 ] ] ] } },
{ "type": "Feature", "properties": { "release": 2, "capture_dates_range": "2/3/2020-2/23/2020", "vda_id": "FMB2244", "ffe_elev_status": "elevated", "ffe_ft": 9.810717017, "ffe_lhsm_ft": 7.024015296, "ffe_foundation": "Piles/Columns" }, "geometry": { "type": "Polygon", "coordinates": [ [ [ 407854.979233315854799, 2924635.241762478835881 ], [ 407866.757303856720682, 2924622.973033570684493 ], [ 407875.59149799059378, 2924631.216962376143783 ], [ 407863.814222647226416, 2924643.596442474517971 ], [ 407854.979233315854799, 2924635.241762478835881 ] ] ] } },
{ "type": "Feature", "properties": { "release": 2, "capture_dates_range": "2/3/2020-2/23/2020", "vda_id": "FMB1818", "ffe_elev_status": "not-elevated", "ffe_ft": 0.0, "ffe_lhsm_ft": null, "ffe_foundation": "Slab-on-Grade" }, "geometry": { "type": "Polygon", "coordinates": [ [ [ 407590.54682524461532, 2924830.982505926862359 ], [ 407596.583609992172569, 2924824.625414973590523 ], [ 407600.800117033766583, 2924828.582584634423256 ], [ 407603.373410087777302, 2924825.905689715407789 ], [ 407607.890637509117369, 2924830.082225709222257 ], [ 407603.834470969333779, 2924834.542040359694511 ], [ 407605.942722090985626, 2924836.520626159850508 ], [ 407601.589026587549597, 2924841.204114612657577 ], [ 407590.54682524461532, 2924830.982505926862359 ] ] ] } },
{ "type": "Feature", "properties": { "release": 2, "capture_dates_range": "2/3/2020-2/23/2020", "vda_id": "FMB2194", "ffe_elev_status": "elevated", "ffe_ft": 9.013953488, "ffe_lhsm_ft": null, "ffe_foundation": "Wall" }, "geometry": { "type": "Polygon", "coordinates": [ [ [ 408138.025294170249254, 2924586.912247992586344 ], [ 408129.984397964319214, 2924591.954241632949561 ], [ 408131.799815238337032, 2924594.821127194911242 ], [ 408125.546583237533923, 2924598.853439732920378 ], [ 408118.588004755380098, 2924587.937555740121752 ], [ 408132.98185065673897, 2924578.862529246602207 ], [ 408138.025294170249254, 2924586.912247992586344 ] ] ] } },
{ "type": "Feature", "properties": { "release": 2, "capture_dates_range": "2/3/2020-2/23/2020", "vda_id": "FMB2245", "ffe_elev_status": "elevated", "ffe_ft": 8.856825749, "ffe_lhsm_ft": 6.376914539, "ffe_foundation": "Piles/Columns" }, "geometry": { "type": "Polygon", "coordinates": [ [ [ 407955.324623450287618, 2924848.076155731920153 ], [ 407947.705052598088514, 2924856.216668310109526 ], [ 407937.665804086253047, 2924846.762928755488247 ], [ 407945.385878493427299, 2924838.732453995849937 ], [ 407955.324623450287618, 2924848.076155731920153 ] ] ] } },
{ "type": "Feature", "properties": { "release": 2, "capture_dates_range": "2/3/2020-2/23/2020", "vda_id": "FMB2246", "ffe_elev_status": "elevated", "ffe_ft": 9.108424437, "ffe_lhsm_ft": 7.015948553, "ffe_foundation": "Piles/Columns" }, "geometry": { "type": "Polygon", "coordinates": [ [ [ 407911.432977336342447, 2924803.974426722154021 ], [ 407898.22889271308668, 2924812.044292860198766 ], [ 407892.680469162762165, 2924803.112170089501888 ], [ 407905.984269324224442, 2924795.041582698468119 ], [ 407911.432977336342447, 2924803.974426722154021 ] ] ] } },
{ "type": "Feature", "properties": { "release": 2, "capture_dates_range": "2/3/2020-2/23/2020", "vda_id": "FMB1822", "ffe_elev_status": "elevated", "ffe_ft": 6.826934097, "ffe_lhsm_ft": 5.347765043, "ffe_foundation": "Wall" }, "geometry": { "type": "Polygon", "coordinates": [ [ [ 407779.212840767635498, 2924804.148889346979558 ], [ 407770.080364576133434, 2924796.017936566844583 ], [ 407780.664873318164609, 2924784.200758705381304 ], [ 407789.797350610082503, 2924792.331718947738409 ], [ 407779.212840767635498, 2924804.148889346979558 ] ] ] } },
{ "type": "Feature", "properties": { "release": 2, "capture_dates_range": "2/3/2020-2/23/2020", "vda_id": null, "ffe_elev_status": null, "ffe_ft": null, "ffe_lhsm_ft": null, "ffe_foundation": null }, "geometry": { "type": "Polygon", "coordinates": [ [ [ 408106.16762973240111, 2924496.64553599525243 ], [ 408100.226184704049956, 2924502.44786283839494 ], [ 408096.208364779595286, 2924498.378344402182847 ], [ 408102.249521713005379, 2924492.575301525648683 ], [ 408106.16762973240111, 2924496.64553599525243 ] ] ] } },
{ "type": "Feature", "properties": { "release": 2, "capture_dates_range": "2/3/2020-2/23/2020", "vda_id": "FMB2247", "ffe_elev_status": "elevated", "ffe_ft": 9.22323049, "ffe_lhsm_ft": 6.818602541, "ffe_foundation": "Wall" }, "geometry": { "type": "Polygon", "coordinates": [ [ [ 408077.57500300713582, 2924736.877767590340227 ], [ 408093.357446643, 2924726.795854549854994 ], [ 408099.306184104643762, 2924735.946721340063959 ], [ 408083.523747628729325, 2924746.028627369552851 ], [ 408077.57500300713582, 2924736.877767590340227 ] ] ] } },
{ "type": "Feature", "properties": { "release": 2, "capture_dates_range": "2/3/2020-2/23/2020", "vda_id": null, "ffe_elev_status": null, "ffe_ft": null, "ffe_lhsm_ft": null, "ffe_foundation": null }, "geometry": { "type": "Polygon", "coordinates": [ [ [ 408060.709225839294959, 2924526.213123166933656 ], [ 408064.033831317094155, 2924530.952187123708427 ], [ 408058.576690922782291, 2924534.757297329138964 ], [ 408055.251290551212151, 2924529.907475587911904 ], [ 408060.709225839294959, 2924526.213123166933656 ] ] ] } },
{ "type": "Feature", "properties": { "release": 2, "capture_dates_range": "2/3/2020-2/23/2020", "vda_id": "FMB2248", "ffe_elev_status": "not-elevated", "ffe_ft": 0.0, "ffe_lhsm_ft": null, "ffe_foundation": "Slab-on-Grade" }, "geometry": { "type": "Polygon", "coordinates": [ [ [ 407956.505006382300053, 2924706.842438305728137 ], [ 407967.648306345159654, 2924717.285158042795956 ], [ 407958.939784075599164, 2924726.541120429057628 ], [ 407947.795689720718656, 2924715.987648969981819 ], [ 407956.505006382300053, 2924706.842438305728137 ] ] ] } },
{ "type": "Feature", "properties": { "release": 2, "capture_dates_range": "2/3/2020-2/23/2020", "vda_id": "FMB1825", "ffe_elev_status": "not-elevated", "ffe_ft": 0.0, "ffe_lhsm_ft": null, "ffe_foundation": "Slab-on-Grade" }, "geometry": { "type": "Polygon", "coordinates": [ [ [ 407785.121735924447421, 2924766.114033469930291 ], [ 407796.640290038019884, 2924759.385344192851335 ], [ 407802.394586838781834, 2924769.202068050391972 ], [ 407790.975748490891419, 2924775.930035723838955 ], [ 407785.121735924447421, 2924766.114033469930291 ] ] ] } },
{ "type": "Feature", "properties": { "release": 2, "capture_dates_range": "2/3/2020-2/23/2020", "vda_id": "FMB1826", "ffe_elev_status": "not-elevated", "ffe_ft": 0.0, "ffe_lhsm_ft": null, "ffe_foundation": "Slab-on-Grade" }, "geometry": { "type": "Polygon", "coordinates": [ [ [ 407714.705489432439208, 2924929.998746734112501 ], [ 407710.945257726882119, 2924934.013338903896511 ], [ 407712.853262520395219, 2924935.882616991177201 ], [ 407708.99412174790632, 2924940.0086864316836 ], [ 407697.951293956662994, 2924929.676229739561677 ], [ 407705.569869200349785, 2924921.424802936147898 ], [ 407714.705489432439208, 2924929.998746734112501 ] ] ] } },
{ "type": "Feature", "properties": { "release": 2, "capture_dates_range": "2/3/2020-2/23/2020", "vda_id": "FMB2195", "ffe_elev_status": "elevated", "ffe_ft": 8.235294118000001, "ffe_lhsm_ft": null, "ffe_foundation": "Wall" }, "geometry": { "type": "Polygon", "coordinates": [ [ [ 408044.821625819080509, 2924479.916518669575453 ], [ 408052.845100015983917, 2924472.437772387638688 ], [ 408064.802081054775044, 2924485.09004312613979 ], [ 408056.778608394204639, 2924492.568782078102231 ], [ 408044.821625819080509, 2924479.916518669575453 ] ] ] } },
{ "type": "Feature", "properties": { "release": 2, "capture_dates_range": "2/3/2020-2/23/2020", "vda_id": "FMB2249", "ffe_elev_status": "elevated", "ffe_ft": 8.262912874, "ffe_lhsm_ft": 6.381924577, "ffe_foundation": "Wall" }, "geometry": { "type": "Polygon", "coordinates": [ [ [ 407828.698594732792117, 2924641.411852474324405 ], [ 407839.642636211006902, 2924651.85589759144932 ], [ 407833.50593972945353, 2924658.213583256118 ], [ 407822.660813009832054, 2924647.658067681826651 ], [ 407828.698594732792117, 2924641.411852474324405 ] ] ] } },
{ "type": "Feature", "properties": { "release": 2, "capture_dates_range": "2/3/2020-2/23/2020", "vda_id": null, "ffe_elev_status": null, "ffe_ft": null, "ffe_lhsm_ft": null, "ffe_foundation": null }, "geometry": { "type": "Polygon", "coordinates": [ [ [ 408037.283250073611271, 2924791.552086679264903 ], [ 408047.735591238655616, 2924802.996709174476564 ], [ 408040.206117327441461, 2924809.80733892088756 ], [ 408029.753774505748879, 2924798.36272242711857 ], [ 408037.283250073611271, 2924791.552086679264903 ] ] ] } },
{ "type": "Feature", "properties": { "release": 2, "capture_dates_range": "2/3/2020-2/23/2020", "vda_id": "FMB2250", "ffe_elev_status": "elevated", "ffe_ft": 8.387563636, "ffe_lhsm_ft": 5.780618182, "ffe_foundation": "Piles/Columns" }, "geometry": { "type": "Polygon", "coordinates": [ [ [ 407986.225838442333043, 2924624.220168606378138 ], [ 407978.196144721994642, 2924630.812888460233808 ], [ 407969.143528818385676, 2924619.91210126504302 ], [ 407977.173225159058347, 2924613.319375899154693 ], [ 407986.225838442333043, 2924624.220168606378138 ] ] ] } },
{ "type": "Feature", "properties": { "release": 2, "capture_dates_range": "2/3/2020-2/23/2020", "vda_id": "FMB2251", "ffe_elev_status": "elevated", "ffe_ft": 8.040930506, "ffe_lhsm_ft": 6.09057715, "ffe_foundation": "Piles/Columns" }, "geometry": { "type": "Polygon", "coordinates": [ [ [ 407845.199929799768142, 2924703.653960401657969 ], [ 407835.986567348358221, 2924712.027515947818756 ], [ 407829.454485990572721, 2924704.985489004757255 ], [ 407838.667053934303112, 2924696.50116965547204 ], [ 407845.199929799768142, 2924703.653960401657969 ] ] ] } },
{ "type": "Feature", "properties": { "release": 2, "capture_dates_range": "2/3/2020-2/23/2020", "vda_id": "FMB2252", "ffe_elev_status": "not-elevated", "ffe_ft": 0.0, "ffe_lhsm_ft": null, "ffe_foundation": "Slab-on-Grade" }, "geometry": { "type": "Polygon", "coordinates": [ [ [ 408046.246599953970872, 2924748.2895352630876 ], [ 408052.545462120790035, 2924736.724841903429478 ], [ 408068.562526660272852, 2924745.471242206636816 ], [ 408062.262861215567682, 2924756.925168360583484 ], [ 408046.246599953970872, 2924748.2895352630876 ] ] ] } },
{ "type": "Feature", "properties": { "release": 2, "capture_dates_range": "2/3/2020-2/23/2020", "vda_id": "FMB2253", "ffe_elev_status": "elevated", "ffe_ft": 8.767494457, "ffe_lhsm_ft": 8.14421286, "ffe_foundation": "Wall" }, "geometry": { "type": "Polygon", "coordinates": [ [ [ 407791.89004766033031, 2924708.910671071149409 ], [ 407801.032330711372197, 2924704.525131552945822 ], [ 407805.385930586024188, 2924713.687333807349205 ], [ 407796.242856778670102, 2924717.96211119974032 ], [ 407791.89004766033031, 2924708.910671071149409 ] ] ] } },
{ "type": "Feature", "properties": { "release": 2, "capture_dates_range": "2/3/2020-2/23/2020", "vda_id": "FMB2780", "ffe_elev_status": "elevated", "ffe_ft": 7.087864078, "ffe_lhsm_ft": 5.944660194, "ffe_foundation": "Wall" }, "geometry": { "type": "Polygon", "coordinates": [ [ [ 407766.820011751085985, 2924883.434937394224107 ], [ 407769.429161613283213, 2924885.742242465727031 ], [ 407764.879990461748093, 2924890.980904564261436 ], [ 407752.136544817942195, 2924879.885274856351316 ], [ 407761.928868968971074, 2924868.849128642119467 ], [ 407771.963457548525184, 2924877.638178725726902 ], [ 407766.820011751085985, 2924883.434937394224107 ] ] ] } },
{ "type": "Feature", "properties": { "release": 2, "capture_dates_range": "2/3/2020-2/23/2020", "vda_id": "FMB2254", "ffe_elev_status": "not-elevated", "ffe_ft": 0.0, "ffe_lhsm_ft": null, "ffe_foundation": "Slab-on-Grade" }, "geometry": { "type": "Polygon", "coordinates": [ [ [ 407945.684661244391464, 2924699.720357144717127 ], [ 407937.572812421771232, 2924708.750522745307535 ], [ 407922.218600814812817, 2924695.125868325587362 ], [ 407930.330448215419892, 2924686.095693108160049 ], [ 407945.684661244391464, 2924699.720357144717127 ] ] ] } },
{ "type": "Feature", "properties": { "release": 2, "capture_dates_range": "2/3/2020-2/23/2020", "vda_id": null, "ffe_elev_status": null, "ffe_ft": null, "ffe_lhsm_ft": null, "ffe_foundation": null }, "geometry": { "type": "Polygon", "coordinates": [ [ [ 408113.081226174370386, 2924417.731478028930724 ], [ 408106.551779281697236, 2924424.977953447960317 ], [ 408103.340362550516147, 2924422.121069658081979 ], [ 408109.869809213036206, 2924414.874592622276396 ], [ 408113.081226174370386, 2924417.731478028930724 ] ] ] } },
{ "type": "Feature", "properties": { "release": 2, "capture_dates_range": "2/3/2020-2/23/2020", "vda_id": "FMB2255", "ffe_elev_status": "elevated", "ffe_ft": 8.125, "ffe_lhsm_ft": null, "ffe_foundation": "Piles/Columns" }, "geometry": { "type": "Polygon", "coordinates": [ [ [ 408099.065504746104125, 2924771.947022551670671 ], [ 408087.292124128318392, 2924784.880093081388623 ], [ 408078.36005055217538, 2924776.858256753068417 ], [ 408090.133430177345872, 2924763.925178110133857 ], [ 408099.065504746104125, 2924771.947022551670671 ] ] ] } },
{ "type": "Feature", "properties": { "release": 2, "capture_dates_range": "2/3/2020-2/23/2020", "vda_id": "FMB2256", "ffe_elev_status": null, "ffe_ft": null, "ffe_lhsm_ft": null, "ffe_foundation": null }, "geometry": { "type": "Polygon", "coordinates": [ [ [ 408056.076757525501307, 2924714.657325139734894 ], [ 408054.290709998516832, 2924715.888539204839617 ], [ 408051.269244988623541, 2924711.701129859313369 ], [ 408065.256919651292264, 2924701.63204666832462 ], [ 408072.810572398884688, 2924712.100579242222011 ], [ 408060.608157151436899, 2924720.827681864146143 ], [ 408056.076757525501307, 2924714.657325139734894 ] ] ] } },
{ "type": "Feature", "properties": { "release": 2, "capture_dates_range": "2/3/2020-2/23/2020", "vda_id": "FMB1838", "ffe_elev_status": "elevated", "ffe_ft": 6.259130435, "ffe_lhsm_ft": 5.917101449, "ffe_foundation": "Piles/Columns" }, "geometry": { "type": "Polygon", "coordinates": [ [ [ 407855.194281959556974, 2924859.539196834899485 ], [ 407847.873906091961544, 2924867.677622237242758 ], [ 407840.247496351948939, 2924860.975747578311712 ], [ 407841.631485244142823, 2924859.304330631159246 ], [ 407836.914928911835887, 2924855.129147400613874 ], [ 407842.850519256258849, 2924848.551373241469264 ], [ 407855.194281959556974, 2924859.539196834899485 ] ] ] } },
{ "type": "Feature", "properties": { "release": 2, "capture_dates_range": "2/3/2020-2/23/2020", "vda_id": "FMB2257", "ffe_elev_status": "elevated", "ffe_ft": 8.413265045, "ffe_lhsm_ft": 6.939974392, "ffe_foundation": "Piles/Columns" }, "geometry": { "type": "Polygon", "coordinates": [ [ [ 407828.894182583724614, 2924724.15184768801555 ], [ 407833.833283818734344, 2924731.537613310851157 ], [ 407819.542706485837698, 2924741.055308672599494 ], [ 407813.192539719282649, 2924731.575154163409024 ], [ 407821.032217242056504, 2924726.312869405373931 ], [ 407822.443277004815172, 2924728.407264397945255 ], [ 407828.894182583724614, 2924724.15184768801555 ] ] ] } },
{ "type": "Feature", "properties": { "release": 2, "capture_dates_range": "2/3/2020-2/23/2020", "vda_id": "FMB2258", "ffe_elev_status": "not-elevated", "ffe_ft": 1.827355623, "ffe_lhsm_ft": null, "ffe_foundation": "Slab-on-Grade" }, "geometry": { "type": "Polygon", "coordinates": [ [ [ 407825.041866994812153, 2924743.120329782366753 ], [ 407828.814924099191558, 2924740.877922168001533 ], [ 407827.30097370542353, 2924738.341206038370728 ], [ 407837.430001214263029, 2924732.508658320177346 ], [ 407843.993890395388007, 2924743.981057633645833 ], [ 407830.091018372506369, 2924751.945247419644147 ], [ 407825.041866994812153, 2924743.120329782366753 ] ] ] } },
{ "type": "Feature", "properties": { "release": 2, "capture_dates_range": "2/3/2020-2/23/2020", "vda_id": "FMB2259", "ffe_elev_status": null, "ffe_ft": null, "ffe_lhsm_ft": null, "ffe_foundation": null }, "geometry": { "type": "Polygon", "coordinates": [ [ [ 408068.103272558480967, 2924806.616738921497017 ], [ 408052.84807353594806, 2924820.682444844860584 ], [ 408043.200570227054413, 2924810.228933251462877 ], [ 408058.45656582468655, 2924796.273975277319551 ], [ 408068.103272558480967, 2924806.616738921497017 ] ] ] } },
{ "type": "Feature", "properties": { "release": 2, "capture_dates_range": "2/3/2020-2/23/2020", "vda_id": "FMB1843", "ffe_elev_status": null, "ffe_ft": null, "ffe_lhsm_ft": null, "ffe_foundation": null }, "geometry": { "type": "Polygon", "coordinates": [ [ [ 407743.821131437667646, 2924929.90008268179372 ], [ 407753.221743134898134, 2924919.863629466388375 ], [ 407761.452788223978132, 2924927.447225518524647 ], [ 407752.052972621459048, 2924937.594432031270117 ], [ 407743.821131437667646, 2924929.90008268179372 ] ] ] } },
{ "type": "Feature", "properties": { "release": 2, "capture_dates_range": "2/3/2020-2/23/2020", "vda_id": "FMB2849", "ffe_elev_status": "elevated", "ffe_ft": 7.037210256, "ffe_lhsm_ft": 6.086235897, "ffe_foundation": "Piles/Columns" }, "geometry": { "type": "Polygon", "coordinates": [ [ [ 408117.827649116457906, 2924453.917576796375215 ], [ 408123.853990787698422, 2924459.966485458426178 ], [ 408126.330133801093325, 2924457.622693385463208 ], [ 408128.941678882343695, 2924460.262348329648376 ], [ 408119.139997138408944, 2924470.079840142745525 ], [ 408110.401604801299982, 2924461.281236890237778 ], [ 408117.827649116457906, 2924453.917576796375215 ] ] ] } },
{ "type": "Feature", "properties": { "release": 2, "capture_dates_range": "2/3/2020-2/23/2020", "vda_id": "FMB2196", "ffe_elev_status": "elevated", "ffe_ft": 11.16899696, "ffe_lhsm_ft": 9.99331307, "ffe_foundation": "Piles/Columns" }, "geometry": { "type": "Polygon", "coordinates": [ [ [ 408031.603340122150257, 2924541.707278113812208 ], [ 408038.946572424145415, 2924550.626593589317054 ], [ 408024.671524453675374, 2924562.359231178183109 ], [ 408017.328288290125784, 2924553.439923646859825 ], [ 408031.603340122150257, 2924541.707278113812208 ] ] ] } },
{ "type": "Feature", "properties": { "release": 2, "capture_dates_range": "2/3/2020-2/23/2020", "vda_id": "FMB2260", "ffe_elev_status": "elevated", "ffe_ft": 7.261132867, "ffe_lhsm_ft": 5.43593007, "ffe_foundation": "Wall" }, "geometry": { "type": "Polygon", "coordinates": [ [ [ 407922.597363712382503, 2924831.253223006613553 ], [ 407919.420187912532128, 2924833.15903172083199 ], [ 407914.678206810029224, 2924825.439525658264756 ], [ 407922.322421253018547, 2924820.732529240194708 ], [ 407928.679618639289401, 2924831.209568096790463 ], [ 407924.211788754619192, 2924833.899993356317282 ], [ 407922.597363712382503, 2924831.253223006613553 ] ] ] } },
{ "type": "Feature", "properties": { "release": 2, "capture_dates_range": "2/3/2020-2/23/2020", "vda_id": "FMB1847", "ffe_elev_status": "elevated", "ffe_ft": 3.490617577, "ffe_lhsm_ft": 3.094774347, "ffe_foundation": "Crawlspace" }, "geometry": { "type": "Polygon", "coordinates": [ [ [ 407879.451093838666566, 2924877.08737326040864 ], [ 407891.19336443307111, 2924887.636489442083985 ], [ 407885.158855792135, 2924894.325716576073319 ], [ 407881.145059335860424, 2924890.810061203315854 ], [ 407878.672227989067324, 2924893.596942516509444 ], [ 407870.844046092475764, 2924886.564204740803689 ], [ 407879.451093838666566, 2924877.08737326040864 ] ] ] } },
{ "type": "Feature", "properties": { "release": 2, "capture_dates_range": "2/3/2020-2/23/2020", "vda_id": "FMB2197", "ffe_elev_status": "elevated", "ffe_ft": 6.058171745, "ffe_lhsm_ft": null, "ffe_foundation": "Wall" }, "geometry": { "type": "Polygon", "coordinates": [ [ [ 408092.479611038055737, 2924548.581518991850317 ], [ 408081.358768700272776, 2924555.196314214728773 ], [ 408076.616791766486131, 2924547.476750851608813 ], [ 408087.737638672231697, 2924540.861951705999672 ], [ 408092.479611038055737, 2924548.581518991850317 ] ] ] } },
{ "type": "Feature", "properties": { "release": 2, "capture_dates_range": "2/3/2020-2/23/2020", "vda_id": "FMB2781", "ffe_elev_status": "elevated", "ffe_ft": 9.984353481, "ffe_lhsm_ft": 6.967804132, "ffe_foundation": "Wall" }, "geometry": { "type": "Polygon", "coordinates": [ [ [ 407732.721200907195453, 2924800.717181614600122 ], [ 407744.16373975854367, 2924811.157559969928116 ], [ 407734.270081754191779, 2924821.972916750703007 ], [ 407722.827543792314827, 2924811.532547123730183 ], [ 407732.721200907195453, 2924800.717181614600122 ] ] ] } },
{ "type": "Feature", "properties": { "release": 2, "capture_dates_range": "2/3/2020-2/23/2020", "vda_id": "FMB1856", "ffe_elev_status": "not-elevated", "ffe_ft": 0.0, "ffe_lhsm_ft": null, "ffe_foundation": "Slab-on-Grade" }, "geometry": { "type": "Polygon", "coordinates": [ [ [ 407729.175033016246744, 2924945.401758146937937 ], [ 407723.238749251177069, 2924951.868829432874918 ], [ 407712.097828566853423, 2924941.75859683053568 ], [ 407718.034111805027351, 2924935.291520445141941 ], [ 407729.175033016246744, 2924945.401758146937937 ] ] ] } },
{ "type": "Feature", "properties": { "release": 2, "capture_dates_range": "2/3/2020-2/23/2020", "vda_id": "FMB2198", "ffe_elev_status": "elevated", "ffe_ft": 10.15384615, "ffe_lhsm_ft": null, "ffe_foundation": "Wall" }, "geometry": { "type": "Polygon", "coordinates": [ [ [ 408128.2070556958206, 2924691.876843397971243 ], [ 408117.001685547409579, 2924700.596750051248819 ], [ 408110.661245066439733, 2924692.445564507041126 ], [ 408121.766908265359234, 2924683.726366584654897 ], [ 408128.2070556958206, 2924691.876843397971243 ] ] ] } },
{ "type": "Feature", "properties": { "release": 2, "capture_dates_range": "2/3/2020-2/23/2020", "vda_id": "FMB2199", "ffe_elev_status": "elevated", "ffe_ft": null, "ffe_lhsm_ft": null, "ffe_foundation": "Piles/Columns" }, "geometry": { "type": "Polygon", "coordinates": [ [ [ 408106.432705314538907, 2924672.870475879870355 ], [ 408091.534879948361777, 2924681.173794357571751 ], [ 408086.687687557248864, 2924672.679627785459161 ], [ 408101.585520093387458, 2924664.376303963828832 ], [ 408106.432705314538907, 2924672.870475879870355 ] ] ] } },
{ "type": "Feature", "properties": { "release": 2, "capture_dates_range": "2/3/2020-2/23/2020", "vda_id": "FMB2261", "ffe_elev_status": "elevated", "ffe_ft": 9.57216, "ffe_lhsm_ft": 7.19264, "ffe_foundation": "Piles/Columns" }, "geometry": { "type": "Polygon", "coordinates": [ [ [ 408081.013773472746834, 2924715.80780587811023 ], [ 408088.159836864448152, 2924725.060853929258883 ], [ 408073.382429593591951, 2924736.243220226839185 ], [ 408066.236361123272218, 2924726.990180146414787 ], [ 408081.013773472746834, 2924715.80780587811023 ] ] ] } },
{ "type": "Feature", "properties": { "release": 2, "capture_dates_range": "2/3/2020-2/23/2020", "vda_id": "FMB2262", "ffe_elev_status": "elevated", "ffe_ft": 6.584025618, "ffe_lhsm_ft": 3.938389753, "ffe_foundation": "Wall" }, "geometry": { "type": "Polygon", "coordinates": [ [ [ 408055.318149061116856, 2924692.288260529283434 ], [ 408045.401118672336452, 2924699.891349491663277 ], [ 408039.764159740065224, 2924692.510509037412703 ], [ 408049.58227648580214, 2924685.018889683764428 ], [ 408055.318149061116856, 2924692.288260529283434 ] ] ] } },
{ "type": "Feature", "properties": { "release": 2, "capture_dates_range": "2/3/2020-2/23/2020", "vda_id": "FMB2200", "ffe_elev_status": "elevated", "ffe_ft": 9.783972125, "ffe_lhsm_ft": null, "ffe_foundation": "Wall" }, "geometry": { "type": "Polygon", "coordinates": [ [ [ 408023.046092329896055, 2924530.35984319075942 ], [ 408029.188830894301645, 2924538.73393558524549 ], [ 408018.177250655600801, 2924546.677181269973516 ], [ 408012.034508289012592, 2924538.30309396609664 ], [ 408023.046092329896055, 2924530.35984319075942 ] ] ] } },
{ "type": "Feature", "properties": { "release": 2, "capture_dates_range": "2/3/2020-2/23/2020", "vda_id": "FMB2263", "ffe_elev_status": "elevated", "ffe_ft": 7.030390335, "ffe_lhsm_ft": 5.918866171, "ffe_foundation": "Wall" }, "geometry": { "type": "Polygon", "coordinates": [ [ [ 407940.2404207958607, 2924733.099657325539738 ], [ 407928.034932058537379, 2924741.383852656930685 ], [ 407922.492861011996865, 2924733.33779109781608 ], [ 407934.698354245570954, 2924725.053590694908053 ], [ 407940.2404207958607, 2924733.099657325539738 ] ] ] } },
{ "type": "Feature", "properties": { "release": 2, "capture_dates_range": "2/3/2020-2/23/2020", "vda_id": "FMB2264", "ffe_elev_status": "not-elevated", "ffe_ft": 0.0, "ffe_lhsm_ft": null, "ffe_foundation": "Slab-on-Grade" }, "geometry": { "type": "Polygon", "coordinates": [ [ [ 407919.168577168369666, 2924617.501568313222378 ], [ 407929.213575924106408, 2924627.730610557831824 ], [ 407921.389693253091536, 2924635.208009233232588 ], [ 407911.444404336216394, 2924624.978257287759334 ], [ 407919.168577168369666, 2924617.501568313222378 ] ] ] } },
{ "type": "Feature", "properties": { "release": 2, "capture_dates_range": "2/3/2020-2/23/2020", "vda_id": "FMB1861", "ffe_elev_status": "elevated", "ffe_ft": 8.508243352, "ffe_lhsm_ft": 7.174198227, "ffe_foundation": "Piles/Columns" }, "geometry": { "type": "Polygon", "coordinates": [ [ [ 407692.202895597787574, 2924865.252363167703152 ], [ 407683.300035098625813, 2924875.174513613805175 ], [ 407675.171807240520138, 2924868.033285326324403 ], [ 407684.073869796702638, 2924858.000370028894395 ], [ 407692.202895597787574, 2924865.252363167703152 ] ] ] } },
{ "type": "Feature", "properties": { "release": 2, "capture_dates_range": "2/3/2020-2/23/2020", "vda_id": "FMB1864", "ffe_elev_status": "elevated", "ffe_ft": 10.625, "ffe_lhsm_ft": null, "ffe_foundation": "Wall" }, "geometry": { "type": "Polygon", "coordinates": [ [ [ 407779.852403626486193, 2925004.07506929943338 ], [ 407791.433023654390126, 2924992.139965031296015 ], [ 407798.059918391518295, 2924998.51669927733019 ], [ 407786.479298430611379, 2925010.45179764740169 ], [ 407779.852403626486193, 2925004.07506929943338 ] ] ] } },
{ "type": "Feature", "properties": { "release": 2, "capture_dates_range": "2/3/2020-2/23/2020", "vda_id": "FMB1865", "ffe_elev_status": "elevated", "ffe_ft": 8.060183673, "ffe_lhsm_ft": 6.181122449, "ffe_foundation": "Wall" }, "geometry": { "type": "Polygon", "coordinates": [ [ [ 407656.980989103030879, 2924848.226517387200147 ], [ 407664.401765810383949, 2924840.198021639604121 ], [ 407675.94483479851624, 2924850.748381838668138 ], [ 407668.524057504022494, 2924858.776870983652771 ], [ 407656.980989103030879, 2924848.226517387200147 ] ] ] } },
{ "type": "Feature", "properties": { "release": 2, "capture_dates_range": "2/3/2020-2/23/2020", "vda_id": "FMB1868", "ffe_elev_status": "elevated", "ffe_ft": 9.131236476, "ffe_lhsm_ft": 6.979289026, "ffe_foundation": "Wall" }, "geometry": { "type": "Polygon", "coordinates": [ [ [ 407941.137162240105681, 2924913.640028510242701 ], [ 407929.650477472518105, 2924924.798960140440613 ], [ 407921.714684248319827, 2924916.659315809141845 ], [ 407933.201369968359359, 2924905.500377198681235 ], [ 407941.137162240105681, 2924913.640028510242701 ] ] ] } },
{ "type": "Feature", "properties": { "release": 2, "capture_dates_range": "2/3/2020-2/23/2020", "vda_id": "FMB2265", "ffe_elev_status": "elevated", "ffe_ft": 8.385357143, "ffe_lhsm_ft": 7.225119048, "ffe_foundation": "Wall" }, "geometry": { "type": "Polygon", "coordinates": [ [ [ 407832.056741040723864, 2924692.450356325134635 ], [ 407820.57789950206643, 2924704.716971650253981 ], [ 407809.634681039489806, 2924694.383702174760401 ], [ 407821.114317971107084, 2924682.227836394216865 ], [ 407832.056741040723864, 2924692.450356325134635 ] ] ] } },
{ "type": "Feature", "properties": { "release": 2, "capture_dates_range": "2/3/2020-2/23/2020", "vda_id": "FMB1869", "ffe_elev_status": "elevated", "ffe_ft": 9.916468254, "ffe_lhsm_ft": 7.717599206, "ffe_foundation": "Piles/Columns" }, "geometry": { "type": "Polygon", "coordinates": [ [ [ 407781.324659435893409, 2924959.204666289966553 ], [ 407777.008543225005269, 2924955.248156360350549 ], [ 407782.549203635193408, 2924949.227014857809991 ], [ 407793.590352218947373, 2924959.33802363788709 ], [ 407784.982627396064345, 2924968.704157894477248 ], [ 407778.256799332448281, 2924962.438906091731042 ], [ 407781.324659435893409, 2924959.204666289966553 ] ] ] } },
{ "type": "Feature", "properties": { "release": 2, "capture_dates_range": "2/3/2020-2/23/2020", "vda_id": "FMB2201", "ffe_elev_status": "not-elevated", "ffe_ft": 0.0, "ffe_lhsm_ft": null, "ffe_foundation": "Slab-on-Grade" }, "geometry": { "type": "Polygon", "coordinates": [ [ [ 408052.637852081446908, 2924513.089950207155198 ], [ 408061.396887836162932, 2924524.768252564128488 ], [ 408053.362330137926619, 2924530.696366745047271 ], [ 408044.604084524908103, 2924519.128828836604953 ], [ 408052.637852081446908, 2924513.089950207155198 ] ] ] } },
{ "type": "Feature", "properties": { "release": 2, "capture_dates_range": "2/3/2020-2/23/2020", "vda_id": "FMB2266", "ffe_elev_status": "elevated", "ffe_ft": 7.199801587, "ffe_lhsm_ft": 4.039583333, "ffe_foundation": "Wall" }, "geometry": { "type": "Polygon", "coordinates": [ [ [ 408021.500974915572442, 2924676.469764429144561 ], [ 408032.207753259979654, 2924667.753347302321345 ], [ 408039.85242943232879, 2924677.00279574142769 ], [ 408029.045943914330564, 2924685.71992148226127 ], [ 408021.500974915572442, 2924676.469764429144561 ] ] ] } },
{ "type": "Feature", "properties": { "release": 2, "capture_dates_range": "2/3/2020-2/23/2020", "vda_id": "FMB2202", "ffe_elev_status": "elevated", "ffe_ft": 11.00866667, "ffe_lhsm_ft": 8.368833333, "ffe_foundation": "Piles/Columns" }, "geometry": { "type": "Polygon", "coordinates": [ [ [ 408042.258478264790028, 2924553.593505673576146 ], [ 408049.301769212936051, 2924562.404211709275842 ], [ 408034.330336161307059, 2924574.363359608221799 ], [ 408027.287040842697024, 2924565.552661549299955 ], [ 408042.258478264790028, 2924553.593505673576146 ] ] ] } },
{ "type": "Feature", "properties": { "release": 2, "capture_dates_range": "2/3/2020-2/23/2020", "vda_id": "FMB2267", "ffe_elev_status": "elevated", "ffe_ft": 10.1484507, "ffe_lhsm_ft": 7.168350101, "ffe_foundation": "Wall" }, "geometry": { "type": "Polygon", "coordinates": [ [ [ 407911.320119235781021, 2924718.797019325196743 ], [ 407923.539133965270594, 2924712.395714967977256 ], [ 407929.805414060829207, 2924724.091821285896003 ], [ 407917.486697932123207, 2924730.493835696950555 ], [ 407911.320119235781021, 2924718.797019325196743 ] ] ] } },
{ "type": "Feature", "properties": { "release": 2, "capture_dates_range": "2/3/2020-2/23/2020", "vda_id": "FMB1879", "ffe_elev_status": "elevated", "ffe_ft": 12.27038328, "ffe_lhsm_ft": 10.19233449, "ffe_foundation": "Wall" }, "geometry": { "type": "Polygon", "coordinates": [ [ [ 407807.020814570074435, 2924788.552686670795083 ], [ 407820.223278347519226, 2924780.261207490693778 ], [ 407825.568364686099812, 2924788.640937143936753 ], [ 407812.365906514809467, 2924796.932411061599851 ], [ 407807.020814570074435, 2924788.552686670795083 ] ] ] } },
{ "type": "Feature", "properties": { "release": 2, "capture_dates_range": "2/3/2020-2/23/2020", "vda_id": "FMB1880", "ffe_elev_status": "elevated", "ffe_ft": 9.026740576, "ffe_lhsm_ft": 7.24368071, "ffe_foundation": "Piles/Columns" }, "geometry": { "type": "Polygon", "coordinates": [ [ [ 407698.839467534562573, 2924872.958159609232098 ], [ 407710.280379522242583, 2924883.176989103201777 ], [ 407702.761486245144624, 2924891.427694560959935 ], [ 407691.320575095538516, 2924881.208871705923229 ], [ 407698.839467534562573, 2924872.958159609232098 ] ] ] } },
{ "type": "Feature", "properties": { "release": 2, "capture_dates_range": "2/3/2020-2/23/2020", "vda_id": "FMB2203", "ffe_elev_status": "elevated", "ffe_ft": 11.32016632, "ffe_lhsm_ft": 9.467775468, "ffe_foundation": "Piles/Columns" }, "geometry": { "type": "Polygon", "coordinates": [ [ [ 408124.529542379488703, 2924637.849941499065608 ], [ 408114.509545844804961, 2924645.010651577729732 ], [ 408108.668423965573311, 2924636.966655195690691 ], [ 408118.688423884217627, 2924629.805940716527402 ], [ 408124.529542379488703, 2924637.849941499065608 ] ] ] } },
{ "type": "Feature", "properties": { "release": 2, "capture_dates_range": "2/3/2020-2/23/2020", "vda_id": "FMB2204", "ffe_elev_status": "elevated", "ffe_ft": 9.375, "ffe_lhsm_ft": null, "ffe_foundation": "Wall" }, "geometry": { "type": "Polygon", "coordinates": [ [ [ 408062.853297850699164, 2924463.615631591528654 ], [ 408076.305160306976177, 2924476.146436203736812 ], [ 408068.189899875258561, 2924484.733473361004144 ], [ 408054.738831559719983, 2924472.313436289317906 ], [ 408062.853297850699164, 2924463.615631591528654 ] ] ] } },
{ "type": "Feature", "properties": { "release": 2, "capture_dates_range": "2/3/2020-2/23/2020", "vda_id": "FMB1885", "ffe_elev_status": "not-elevated", "ffe_ft": 0.0, "ffe_lhsm_ft": null, "ffe_foundation": "Slab-on-Grade" }, "geometry": { "type": "Polygon", "coordinates": [ [ [ 407746.09966876055114, 2924969.426797645166516 ], [ 407744.517881488194689, 2924971.321178555022925 ], [ 407739.40409273840487, 2924967.370417773257941 ], [ 407750.372124746500049, 2924953.445912953000516 ], [ 407761.903872531256638, 2924962.445717321708798 ], [ 407752.417119495454244, 2924974.365789948496968 ], [ 407746.09966876055114, 2924969.426797645166516 ] ] ] } },
{ "type": "Feature", "properties": { "release": 2, "capture_dates_range": "2/3/2020-2/23/2020", "vda_id": "FMB2205", "ffe_elev_status": "not-elevated", "ffe_ft": 0.0, "ffe_lhsm_ft": null, "ffe_foundation": "Slab-on-Grade" }, "geometry": { "type": "Polygon", "coordinates": [ [ [ 408085.849740495206788, 2924555.717963559087366 ], [ 408097.662216169526801, 2924548.212099361699075 ], [ 408104.418237244244665, 2924558.686364443507046 ], [ 408092.606561193184461, 2924566.30298182927072 ], [ 408085.849740495206788, 2924555.717963559087366 ] ] ] } },
{ "type": "Feature", "properties": { "release": 2, "capture_dates_range": "2/3/2020-2/23/2020", "vda_id": "FMB2206", "ffe_elev_status": "not-elevated", "ffe_ft": 0.0, "ffe_lhsm_ft": null, "ffe_foundation": "Crawlspace" }, "geometry": { "type": "Polygon", "coordinates": [ [ [ 407950.948414739104919, 2924557.792775636073202 ], [ 407944.511266770539805, 2924550.08542062388733 ], [ 407954.22496405011043, 2924541.929891643114388 ], [ 407960.761821160558611, 2924549.636536080855876 ], [ 407950.948414739104919, 2924557.792775636073202 ] ] ] } },
{ "type": "Feature", "properties": { "release": 2, "capture_dates_range": "2/3/2020-2/23/2020", "vda_id": "FMB1889", "ffe_elev_status": "elevated", "ffe_ft": 8.257745455, "ffe_lhsm_ft": 5.906581818, "ffe_foundation": "Wall" }, "geometry": { "type": "Polygon", "coordinates": [ [ [ 407772.056941326300148, 2924738.073653875850141 ], [ 407777.577609300147742, 2924743.129154031164944 ], [ 407769.069453578791581, 2924752.494575745426118 ], [ 407758.932669869449455, 2924743.373965637292713 ], [ 407768.825615178444423, 2924732.447872086428106 ], [ 407773.442528060520999, 2924736.623748413287103 ], [ 407772.056941326300148, 2924738.073653875850141 ] ] ] } },
{ "type": "Feature", "properties": { "release": 2, "capture_dates_range": "2/3/2020-2/23/2020", "vda_id": "FMB2853", "ffe_elev_status": "elevated", "ffe_ft": 17.31349448, "ffe_lhsm_ft": 15.27353591, "ffe_foundation": "Piles/Columns" }, "geometry": { "type": "Polygon", "coordinates": [ [ [ 408122.526578513847198, 2924441.699798673857003 ], [ 408112.900513852189761, 2924448.193092939443886 ], [ 408099.398680008540396, 2924428.684425766579807 ], [ 408121.229872031486593, 2924413.796355011407286 ], [ 408134.127862392691895, 2924432.534014103468508 ], [ 408124.402072997647338, 2924439.028013241477311 ], [ 408116.643335712433327, 2924427.785564764402807 ], [ 408114.162429134536069, 2924429.464803776238114 ], [ 408122.526578513847198, 2924441.699798673857003 ] ] ] } },
{ "type": "Feature", "properties": { "release": 2, "capture_dates_range": "2/3/2020-2/23/2020", "vda_id": "FMB2268", "ffe_elev_status": "not-elevated", "ffe_ft": 0.0, "ffe_lhsm_ft": null, "ffe_foundation": "Slab-on-Grade" }, "geometry": { "type": "Polygon", "coordinates": [ [ [ 407999.485229355457705, 2924693.35312142688781 ], [ 407994.340812256850768, 2924699.039023220073432 ], [ 407979.989315562183037, 2924686.182464693207294 ], [ 407989.982199407124426, 2924675.255834011361003 ], [ 408001.723758646287024, 2924685.694292218890041 ], [ 407996.876084953488316, 2924691.045770195778459 ], [ 407999.485229355457705, 2924693.35312142688781 ] ] ] } },
{ "type": "Feature", "properties": { "release": 2, "capture_dates_range": "2/3/2020-2/23/2020", "vda_id": "FMB2269", "ffe_elev_status": "not-elevated", "ffe_ft": 0.0, "ffe_lhsm_ft": null, "ffe_foundation": "Slab-on-Grade" }, "geometry": { "type": "Polygon", "coordinates": [ [ [ 407961.668423869938124, 2924648.210769603960216 ], [ 407955.630583044025116, 2924654.456920505966991 ], [ 407953.422648769104853, 2924652.478993796277791 ], [ 407947.484524346888065, 2924658.724433341063559 ], [ 407933.32997202698607, 2924645.534216540399939 ], [ 407941.148291437362786, 2924637.281510791741312 ], [ 407947.8742003600928, 2924643.546848063357174 ], [ 407952.031051050405949, 2924639.197192263323814 ], [ 407961.668423869938124, 2924648.210769603960216 ] ] ] } },
{ "type": "Feature", "properties": { "release": 2, "capture_dates_range": "2/3/2020-2/23/2020", "vda_id": "FMB2270", "ffe_elev_status": "elevated", "ffe_ft": 8.125, "ffe_lhsm_ft": null, "ffe_foundation": "Wall" }, "geometry": { "type": "Polygon", "coordinates": [ [ [ 407818.521959974605124, 2924723.894077950157225 ], [ 407806.8948969754274, 2924729.40511114988476 ], [ 407802.440001062233932, 2924720.022106536198407 ], [ 407814.067070973163936, 2924714.511069555766881 ], [ 407818.521959974605124, 2924723.894077950157225 ] ] ] } },
{ "type": "Feature", "properties": { "release": 2, "capture_dates_range": "2/3/2020-2/23/2020", "vda_id": "FMB2271", "ffe_elev_status": "elevated", "ffe_ft": 8.611756098000001, "ffe_lhsm_ft": 7.21104878, "ffe_foundation": "Piles/Columns" }, "geometry": { "type": "Polygon", "coordinates": [ [ [ 407779.766210374771617, 2924700.801210909616202 ], [ 407793.665925703942776, 2924692.3939309399575 ], [ 407798.912945779447909, 2924700.995885217562318 ], [ 407785.013236783561297, 2924709.403159765060991 ], [ 407779.766210374771617, 2924700.801210909616202 ] ] ] } },
{ "type": "Feature", "properties": { "release": 2, "capture_dates_range": "2/3/2020-2/23/2020", "vda_id": "FMB2782", "ffe_elev_status": "elevated", "ffe_ft": 10.06992847, "ffe_lhsm_ft": 7.212246066, "ffe_foundation": "Wall" }, "geometry": { "type": "Polygon", "coordinates": [ [ [ 407709.209921464615036, 2924775.964184645563364 ], [ 407696.544320919492748, 2924789.568636800162494 ], [ 407686.103600964939687, 2924779.78567992663011 ], [ 407698.769997829105705, 2924766.291976837906986 ], [ 407709.209921464615036, 2924775.964184645563364 ] ] ] } },
{ "type": "Feature", "properties": { "release": 2, "capture_dates_range": "2/3/2020-2/23/2020", "vda_id": "FMB2272", "ffe_elev_status": "elevated", "ffe_ft": 8.4899642, "ffe_lhsm_ft": 6.316205251, "ffe_foundation": "Piles/Columns" }, "geometry": { "type": "Polygon", "coordinates": [ [ [ 407869.131208283419255, 2924661.945233603473753 ], [ 407873.588458989281207, 2924671.66053745476529 ], [ 407860.17131317674648, 2924677.848963726311922 ], [ 407855.614343706867658, 2924668.134380388539284 ], [ 407869.131208283419255, 2924661.945233603473753 ] ] ] } },
{ "type": "Feature", "properties": { "release": 2, "capture_dates_range": "2/3/2020-2/23/2020", "vda_id": "FMB1892", "ffe_elev_status": "not-elevated", "ffe_ft": 0.0, "ffe_lhsm_ft": null, "ffe_foundation": "Slab-on-Grade" }, "geometry": { "type": "Polygon", "coordinates": [ [ [ 407869.815693560987711, 2924854.44975742790848 ], [ 407874.762164859450422, 2924848.986751732416451 ], [ 407881.686623496119864, 2924855.139862362295389 ], [ 407876.839860713400412, 2924860.602149373386055 ], [ 407869.815693560987711, 2924854.44975742790848 ] ] ] } },
{ "type": "Feature", "properties": { "release": 2, "capture_dates_range": "2/3/2020-2/23/2020", "vda_id": "FMB3188", "ffe_elev_status": "elevated", "ffe_ft": 8.161111111, "ffe_lhsm_ft": 7.383862434, "ffe_foundation": "Wall" }, "geometry": { "type": "Polygon", "coordinates": [ [ [ 407850.563058950647246, 2924645.13155920477584 ], [ 407844.625774911022745, 2924651.487806852906942 ], [ 407833.483907550340518, 2924641.266708659008145 ], [ 407839.321480565937236, 2924634.911172193475068 ], [ 407850.563058950647246, 2924645.13155920477584 ] ] ] } },
{ "type": "Feature", "properties": { "release": 2, "capture_dates_range": "2/3/2020-2/23/2020", "vda_id": "FMB1893", "ffe_elev_status": "not-elevated", "ffe_ft": 0.0, "ffe_lhsm_ft": null, "ffe_foundation": "Slab-on-Grade" }, "geometry": { "type": "Polygon", "coordinates": [ [ [ 407787.428784384566825, 2924989.953449810389429 ], [ 407776.645032015629113, 2925001.772063613403589 ], [ 407771.224974681739695, 2924996.826607812661678 ], [ 407771.125266836374067, 2924996.827324705664068 ], [ 407765.303984541329555, 2924991.552461093757302 ], [ 407776.186647485999856, 2924979.622361745685339 ], [ 407787.428784384566825, 2924989.953449810389429 ] ] ] } },
{ "type": "Feature", "properties": { "release": 2, "capture_dates_range": "2/3/2020-2/23/2020", "vda_id": "FMB2783", "ffe_elev_status": "elevated", "ffe_ft": 7.570730159, "ffe_lhsm_ft": 5.838444444, "ffe_foundation": "Piles/Columns" }, "geometry": { "type": "Polygon", "coordinates": [ [ [ 407729.605928275617771, 2924838.953505432233214 ], [ 407740.247578754671849, 2924848.956580364611 ], [ 407731.044747027102858, 2924858.770088118966669 ], [ 407720.303387891908642, 2924848.767737978603691 ], [ 407729.605928275617771, 2924838.953505432233214 ] ] ] } },
{ "type": "Feature", "properties": { "release": 2, "capture_dates_range": "2/3/2020-2/23/2020", "vda_id": "FMB2784", "ffe_elev_status": "elevated", "ffe_ft": 6.647843137, "ffe_lhsm_ft": 5.567568627, "ffe_foundation": "Piles/Columns" }, "geometry": { "type": "Polygon", "coordinates": [ [ [ 407670.417185124824755, 2924803.159216440282762 ], [ 407682.782022335799411, 2924789.335371152497828 ], [ 407689.405088477942627, 2924795.15825601387769 ], [ 407677.140756681095809, 2924809.09213665034622 ], [ 407670.417185124824755, 2924803.159216440282762 ] ] ] } },
{ "type": "Feature", "properties": { "release": 2, "capture_dates_range": "2/3/2020-2/23/2020", "vda_id": "FMB1897", "ffe_elev_status": "elevated", "ffe_ft": 6.65101473, "ffe_lhsm_ft": 5.382324059, "ffe_foundation": "Piles/Columns" }, "geometry": { "type": "Polygon", "coordinates": [ [ [ 407594.646017444727477, 2924790.966806182172149 ], [ 407605.666705067269504, 2924784.352292045019567 ], [ 407610.106571204261854, 2924791.6308065764606 ], [ 407598.986178420949727, 2924798.246035262476653 ], [ 407594.646017444727477, 2924790.966806182172149 ] ] ] } },
{ "type": "Feature", "properties": { "release": 2, "capture_dates_range": "2/3/2020-2/23/2020", "vda_id": "FMB2207", "ffe_elev_status": "elevated", "ffe_ft": 9.792746114, "ffe_lhsm_ft": 8.704663212, "ffe_foundation": "Piles/Columns" }, "geometry": { "type": "Polygon", "coordinates": [ [ [ 408121.943942798359785, 2924527.435931622516364 ], [ 408131.718040560663212, 2924527.698234897572547 ], [ 408131.243495431786869, 2924544.980943491216749 ], [ 408125.858293383033015, 2924544.908741015475243 ], [ 408125.940555453009438, 2924542.471326023805887 ], [ 408121.552465219283476, 2924542.391985043883324 ], [ 408121.943942798359785, 2924527.435931622516364 ] ] ] } },
{ "type": "Feature", "properties": { "release": 2, "capture_dates_range": "2/3/2020-2/23/2020", "vda_id": "FMB2208", "ffe_elev_status": "elevated", "ffe_ft": 3.75, "ffe_lhsm_ft": null, "ffe_foundation": "Crawlspace" }, "geometry": { "type": "Polygon", "coordinates": [ [ [ 408013.598676209105179, 2924492.21370355039835 ], [ 408024.3143426636816, 2924484.715636760462075 ], [ 408031.971037110779434, 2924495.626468881033361 ], [ 408021.254581765271723, 2924503.013770366087556 ], [ 408013.598676209105179, 2924492.21370355039835 ] ] ] } },
{ "type": "Feature", "properties": { "release": 2, "capture_dates_range": "2/3/2020-2/23/2020", "vda_id": "FMB2273", "ffe_elev_status": "elevated", "ffe_ft": 6.5325, "ffe_lhsm_ft": 5.318125, "ffe_foundation": "Piles/Columns" }, "geometry": { "type": "Polygon", "coordinates": [ [ [ 407985.079214288038202, 2924825.820481330621988 ], [ 407977.949417030264158, 2924832.7390476022847 ], [ 407969.311664239969105, 2924824.050584735814482 ], [ 407976.440667524468154, 2924817.021254544146359 ], [ 407985.079214288038202, 2924825.820481330621988 ] ] ] } },
{ "type": "Feature", "properties": { "release": 2, "capture_dates_range": "2/3/2020-2/23/2020", "vda_id": "FMB2274", "ffe_elev_status": "not-elevated", "ffe_ft": 0.0, "ffe_lhsm_ft": null, "ffe_foundation": "Slab-on-Grade" }, "geometry": { "type": "Polygon", "coordinates": [ [ [ 407983.624981472385116, 2924664.778766047209501 ], [ 407972.742646757338662, 2924676.819430517964065 ], [ 407958.992544505454134, 2924664.401639731135219 ], [ 407959.38900218490744, 2924664.066500762011856 ], [ 407958.686261698487215, 2924663.406953163444996 ], [ 407969.173726305540185, 2924651.922933910042048 ], [ 407983.624981472385116, 2924664.778766047209501 ] ] ] } },
{ "type": "Feature", "properties": { "release": 2, "capture_dates_range": "2/3/2020-2/23/2020", "vda_id": "FMB2275", "ffe_elev_status": "elevated", "ffe_ft": 7.632432432, "ffe_lhsm_ft": 6.249054054, "ffe_foundation": "Wall" }, "geometry": { "type": "Polygon", "coordinates": [ [ [ 407884.419599535991438, 2924735.826412570662796 ], [ 407891.546712574083358, 2924742.421134202741086 ], [ 407883.631167151615955, 2924751.006867646239698 ], [ 407876.404344680544455, 2924744.412866377271712 ], [ 407884.419599535991438, 2924735.826412570662796 ] ] ] } },
{ "type": "Feature", "properties": { "release": 2, "capture_dates_range": "2/3/2020-2/23/2020", "vda_id": "FMB2276", "ffe_elev_status": "elevated", "ffe_ft": 6.684972414, "ffe_lhsm_ft": 5.628241379, "ffe_foundation": "Piles/Columns" }, "geometry": { "type": "Polygon", "coordinates": [ [ [ 407785.429377168999054, 2924670.189379240851849 ], [ 407797.044546078133862, 2924663.016940095927566 ], [ 407802.794106698071118, 2924672.16910891328007 ], [ 407791.278653582441621, 2924679.34082641871646 ], [ 407785.429377168999054, 2924670.189379240851849 ] ] ] } },
{ "type": "Feature", "properties": { "release": 2, "capture_dates_range": "2/3/2020-2/23/2020", "vda_id": "FMB1899", "ffe_elev_status": "not-elevated", "ffe_ft": 0.0, "ffe_lhsm_ft": null, "ffe_foundation": "Slab-on-Grade" }, "geometry": { "type": "Polygon", "coordinates": [ [ [ 407576.699181541975122, 2924818.898112555965781 ], [ 407582.436837653396651, 2924812.543170099612325 ], [ 407593.777390822826419, 2924822.651858246419579 ], [ 407588.039734019432217, 2924829.00679568015039 ], [ 407576.699181541975122, 2924818.898112555965781 ] ] ] } },
{ "type": "Feature", "properties": { "release": 2, "capture_dates_range": "2/3/2020-2/23/2020", "vda_id": "FMB2209", "ffe_elev_status": null, "ffe_ft": null, "ffe_lhsm_ft": null, "ffe_foundation": null }, "geometry": { "type": "Polygon", "coordinates": [ [ [ 408170.526389331324026, 2924530.300291114952415 ], [ 408170.043864577368367, 2924546.475405549630523 ], [ 408152.990068048937246, 2924546.154421363491565 ], [ 408153.372067068296019, 2924529.869260359555483 ], [ 408170.526389331324026, 2924530.300291114952415 ] ] ] } },
{ "type": "Feature", "properties": { "release": 2, "capture_dates_range": "2/3/2020-2/23/2020", "vda_id": "FMB2210", "ffe_elev_status": "elevated", "ffe_ft": 11.81072555, "ffe_lhsm_ft": null, "ffe_foundation": "Wall" }, "geometry": { "type": "Polygon", "coordinates": [ [ [ 408061.808323666395154, 2924596.097859044093639 ], [ 408074.503861562465318, 2924586.591876131016761 ], [ 408081.348484363174066, 2924595.514786994084716 ], [ 408068.652950757008512, 2924605.020763350650668 ], [ 408061.808323666395154, 2924596.097859044093639 ] ] ] } },
{ "type": "Feature", "properties": { "release": 2, "capture_dates_range": "2/3/2020-2/23/2020", "vda_id": "FMB2211", "ffe_elev_status": "elevated", "ffe_ft": 6.338028169, "ffe_lhsm_ft": 5.855130785, "ffe_foundation": "Piles/Columns" }, "geometry": { "type": "Polygon", "coordinates": [ [ [ 407988.320727173995692, 2924513.107988616451621 ], [ 407999.625894850119948, 2924504.387258855160326 ], [ 408004.959849841892719, 2924511.216432124841958 ], [ 407993.754396429518238, 2924519.936442277394235 ], [ 407988.320727173995692, 2924513.107988616451621 ] ] ] } },
{ "type": "Feature", "properties": { "release": 2, "capture_dates_range": "2/3/2020-2/23/2020", "vda_id": "FMB2277", "ffe_elev_status": "elevated", "ffe_ft": 6.81527745, "ffe_lhsm_ft": 6.235253837, "ffe_foundation": "Piles/Columns" }, "geometry": { "type": "Polygon", "coordinates": [ [ [ 407901.848785077105276, 2924705.130161514971405 ], [ 407894.413469443388749, 2924711.164846336003393 ], [ 407886.568489081808366, 2924701.806154351681471 ], [ 407894.003011610358953, 2924695.660705906804651 ], [ 407901.848785077105276, 2924705.130161514971405 ] ] ] } },
{ "type": "Feature", "properties": { "release": 2, "capture_dates_range": "2/3/2020-2/23/2020", "vda_id": "FMB2278", "ffe_elev_status": "elevated", "ffe_ft": 7.037727273, "ffe_lhsm_ft": 5.533939394, "ffe_foundation": "Piles/Columns" }, "geometry": { "type": "Polygon", "coordinates": [ [ [ 408025.976040744222701, 2924772.138529847376049 ], [ 408033.90232269349508, 2924778.949127649422735 ], [ 408025.496102642966434, 2924788.645937752909958 ], [ 408017.569821807439439, 2924781.8353451048024 ], [ 408025.976040744222701, 2924772.138529847376049 ] ] ] } },
{ "type": "Feature", "properties": { "release": 2, "capture_dates_range": "2/3/2020-2/23/2020", "vda_id": "FMB2279", "ffe_elev_status": "not-elevated", "ffe_ft": 0.0, "ffe_lhsm_ft": null, "ffe_foundation": "Slab-on-Grade" }, "geometry": { "type": "Polygon", "coordinates": [ [ [ 408011.550360412569717, 2924762.826946969609708 ], [ 408005.613056339672767, 2924769.183120329864323 ], [ 407990.756743422301952, 2924755.444052796810865 ], [ 407998.673149559937883, 2924746.969146585091949 ], [ 408010.015799757151399, 2924757.410471497569233 ], [ 408008.036697113420814, 2924759.529195826034993 ], [ 408011.550360412569717, 2924762.826946969609708 ] ] ] } },
{ "type": "Feature", "properties": { "release": 2, "capture_dates_range": "2/3/2020-2/23/2020", "vda_id": "FMB2280", "ffe_elev_status": "elevated", "ffe_ft": 7.381887477, "ffe_lhsm_ft": 6.017168784, "ffe_foundation": "Wall" }, "geometry": { "type": "Polygon", "coordinates": [ [ [ 407922.583389385079499, 2924815.413940097205341 ], [ 407907.377175821340643, 2924822.390518605709076 ], [ 407902.821084407391027, 2924812.786678479984403 ], [ 407918.026512276148424, 2924805.699335705954581 ], [ 407922.583389385079499, 2924815.413940097205341 ] ] ] } },
{ "type": "Feature", "properties": { "release": 2, "capture_dates_range": "2/3/2020-2/23/2020", "vda_id": "FMB2281", "ffe_elev_status": "elevated", "ffe_ft": 9.987692308, "ffe_lhsm_ft": 7.134065934, "ffe_foundation": "Wall" }, "geometry": { "type": "Polygon", "coordinates": [ [ [ 407881.324212692736182, 2924679.690827528014779 ], [ 407870.331138292211108, 2924690.181669355835766 ], [ 407863.498344124003779, 2924682.920255247503519 ], [ 407874.492214988567866, 2924672.540166878607124 ], [ 407881.324212692736182, 2924679.690827528014779 ] ] ] } },
{ "type": "Feature", "properties": { "release": 2, "capture_dates_range": "2/3/2020-2/23/2020", "vda_id": "FMB1903", "ffe_elev_status": "elevated", "ffe_ft": 8.078144654000001, "ffe_lhsm_ft": 6.812893082, "ffe_foundation": "Wall" }, "geometry": { "type": "Polygon", "coordinates": [ [ [ 407832.564497544895858, 2924804.762352658435702 ], [ 407841.599057550425641, 2924799.269964076112956 ], [ 407848.056837078940589, 2924809.857007848564535 ], [ 407839.022282126941718, 2924815.349392092321068 ], [ 407832.564497544895858, 2924804.762352658435702 ] ] ] } },
{ "type": "Feature", "properties": { "release": 2, "capture_dates_range": "2/3/2020-2/23/2020", "vda_id": "FMB2785", "ffe_elev_status": "elevated", "ffe_ft": 6.371350614, "ffe_lhsm_ft": 5.700682128, "ffe_foundation": "Piles/Columns" }, "geometry": { "type": "Polygon", "coordinates": [ [ [ 407815.127006774186157, 2924875.887981201987714 ], [ 407819.038730109052267, 2924879.072055292781442 ], [ 407817.062065325328149, 2924881.523088585585356 ], [ 407819.569109748234041, 2924883.498842388857156 ], [ 407821.448453586141113, 2924881.380803672596812 ], [ 407826.463336134795099, 2924885.443072665948421 ], [ 407823.10268752934644, 2924889.565523833502084 ], [ 407818.188310032361187, 2924885.613298885989934 ], [ 407814.43201315891929, 2924890.181655385531485 ], [ 407807.811441263882443, 2924884.690986093133688 ], [ 407815.127006774186157, 2924875.887981201987714 ] ] ] } },
{ "type": "Feature", "properties": { "release": 2, "capture_dates_range": "2/3/2020-2/23/2020", "vda_id": "FMB2212", "ffe_elev_status": "elevated", "ffe_ft": 8.932270916, "ffe_lhsm_ft": 7.948207171, "ffe_foundation": "Piles/Columns" }, "geometry": { "type": "Polygon", "coordinates": [ [ [ 408024.167629207368009, 2924603.345838679932058 ], [ 408013.543834333366249, 2924609.73560302099213 ], [ 408007.791224691784009, 2924600.140307386871427 ], [ 408018.415025025315117, 2924593.750538507476449 ], [ 408024.167629207368009, 2924603.345838679932058 ] ] ] } },
{ "type": "Feature", "properties": { "release": 2, "capture_dates_range": "2/3/2020-2/23/2020", "vda_id": "FMB2213", "ffe_elev_status": "elevated", "ffe_ft": 7.868852459, "ffe_lhsm_ft": 6.557377049, "ffe_foundation": "Piles/Columns" }, "geometry": { "type": "Polygon", "coordinates": [ [ [ 407985.026198067062069, 2924568.181750552263111 ], [ 407999.699618619750254, 2924570.29181761154905 ], [ 407998.368792193068657, 2924579.384079318027943 ], [ 407983.695381697500125, 2924577.274014051537961 ], [ 407985.026198067062069, 2924568.181750552263111 ] ] ] } },
{ "type": "Feature", "properties": { "release": 2, "capture_dates_range": "2/3/2020-2/23/2020", "vda_id": "FMB2282", "ffe_elev_status": "elevated", "ffe_ft": 9.660308597, "ffe_lhsm_ft": 8.634121969000001, "ffe_foundation": "Wall" }, "geometry": { "type": "Polygon", "coordinates": [ [ [ 407977.382937959919218, 2924725.965753185562789 ], [ 407988.023683260078542, 2924735.858270124066621 ], [ 407977.534685238555539, 2924747.120758304838091 ], [ 407966.893940495327115, 2924737.228249961044639 ], [ 407977.382937959919218, 2924725.965753185562789 ] ] ] } },
{ "type": "Feature", "properties": { "release": 2, "capture_dates_range": "2/3/2020-2/23/2020", "vda_id": "FMB2283", "ffe_elev_status": "elevated", "ffe_ft": 7.257979798, "ffe_lhsm_ft": null, "ffe_foundation": "Wall" }, "geometry": { "type": "Polygon", "coordinates": [ [ [ 407930.098386539786588, 2924778.807581753470004 ], [ 407937.018879694165662, 2924784.406926017720252 ], [ 407930.098041184188332, 2924792.653197965119034 ], [ 407923.276463631365914, 2924786.942382548004389 ], [ 407930.098386539786588, 2924778.807581753470004 ] ] ] } },
{ "type": "Feature", "properties": { "release": 2, "capture_dates_range": "2/3/2020-2/23/2020", "vda_id": "FMB2786", "ffe_elev_status": "elevated", "ffe_ft": 5.603091787, "ffe_lhsm_ft": 4.457004831, "ffe_foundation": "Wall" }, "geometry": { "type": "Polygon", "coordinates": [ [ [ 407836.879511703911703, 2924919.594604785554111 ], [ 407848.753818577271886, 2924906.882093556690961 ], [ 407863.709829679341055, 2924920.620282446965575 ], [ 407864.996492885460611, 2924919.281861658208072 ], [ 407869.613308641652111, 2924923.45777070755139 ], [ 407861.697894373326562, 2924932.043523314408958 ], [ 407860.694446628913283, 2924931.16461119055748 ], [ 407855.549393346533179, 2924936.739815655164421 ], [ 407836.879511703911703, 2924919.594604785554111 ] ] ] } },
{ "type": "Feature", "properties": { "release": 2, "capture_dates_range": "2/3/2020-2/23/2020", "vda_id": "FMB2787", "ffe_elev_status": "elevated", "ffe_ft": 8.434793983, "ffe_lhsm_ft": 6.885546109, "ffe_foundation": "Piles/Columns" }, "geometry": { "type": "Polygon", "coordinates": [ [ [ 407797.559557034925092, 2924901.157883049920201 ], [ 407808.702033530978952, 2924911.48970690369606 ], [ 407799.697818947373889, 2924921.190973553340882 ], [ 407788.555343000625726, 2924910.859157428145409 ], [ 407797.559557034925092, 2924901.157883049920201 ] ] ] } },
{ "type": "Feature", "properties": { "release": 2, "capture_dates_range": "2/3/2020-2/23/2020", "vda_id": "FMB2788", "ffe_elev_status": "elevated", "ffe_ft": 7.33842623, "ffe_lhsm_ft": 6.073180328, "ffe_foundation": "Wall" }, "geometry": { "type": "Polygon", "coordinates": [ [ [ 407781.099604051676579, 2924844.675302099902183 ], [ 407795.35063276195433, 2924857.42159879533574 ], [ 407784.865086922887713, 2924869.127290994860232 ], [ 407770.515147241880186, 2924856.492481942754239 ], [ 407781.099604051676579, 2924844.675302099902183 ] ] ] } },
{ "type": "Feature", "properties": { "release": 2, "capture_dates_range": "2/3/2020-2/23/2020", "vda_id": "FMB1908", "ffe_elev_status": null, "ffe_ft": null, "ffe_lhsm_ft": null, "ffe_foundation": null }, "geometry": { "type": "Polygon", "coordinates": [ [ [ 407741.070193131512497, 2924907.877634764648974 ], [ 407734.045058409450576, 2924915.460180896800011 ], [ 407725.514066742151044, 2924907.767994266469032 ], [ 407732.539201004605275, 2924900.185443510767072 ], [ 407741.070193131512497, 2924907.877634764648974 ] ] ] } },
{ "type": "Feature", "properties": { "release": 2, "capture_dates_range": "2/3/2020-2/23/2020", "vda_id": "FMB2214", "ffe_elev_status": "elevated", "ffe_ft": 9.480314961, "ffe_lhsm_ft": 7.937007874, "ffe_foundation": "Piles/Columns" }, "geometry": { "type": "Polygon", "coordinates": [ [ [ 408091.602308844099753, 2924607.071633830666542 ], [ 408081.872708181850612, 2924613.011875328142196 ], [ 408076.727146596414968, 2924604.630614636000246 ], [ 408086.456751540885307, 2924598.6903694155626 ], [ 408091.602308844099753, 2924607.071633830666542 ] ] ] } },
{ "type": "Feature", "properties": { "release": 2, "capture_dates_range": "2/3/2020-2/23/2020", "vda_id": "FMB2284", "ffe_elev_status": "elevated", "ffe_ft": null, "ffe_lhsm_ft": null, "ffe_foundation": "Piles/Columns" }, "geometry": { "type": "Polygon", "coordinates": [ [ [ 407962.902781174983829, 2924750.7701999489218 ], [ 407951.701544879062567, 2924760.044052352197468 ], [ 407946.06773453229107, 2924753.106288496404886 ], [ 407957.269767872756347, 2924743.943190506193787 ], [ 407962.902781174983829, 2924750.7701999489218 ] ] ] } },
{ "type": "Feature", "properties": { "release": 2, "capture_dates_range": "2/3/2020-2/23/2020", "vda_id": "FMB1910", "ffe_elev_status": "elevated", "ffe_ft": 7.941874106, "ffe_lhsm_ft": 6.921816881, "ffe_foundation": "Wall" }, "geometry": { "type": "Polygon", "coordinates": [ [ [ 407819.551471786166076, 2924839.414516948163509 ], [ 407825.487856976571493, 2924832.947494070976973 ], [ 407828.197510619589593, 2924835.36485373461619 ], [ 407831.462445546640083, 2924831.796917179133743 ], [ 407840.294933924975339, 2924839.819301870185882 ], [ 407830.993904036062304, 2924849.854970189277083 ], [ 407819.551471786166076, 2924839.414516948163509 ] ] ] } },
{ "type": "Feature", "properties": { "release": 2, "capture_dates_range": "2/3/2020-2/23/2020", "vda_id": "FMB1913", "ffe_elev_status": "elevated", "ffe_ft": 8.384286699, "ffe_lhsm_ft": 7.002012405, "ffe_foundation": "Piles/Columns" }, "geometry": { "type": "Polygon", "coordinates": [ [ [ 407727.068933469709009, 2924708.047557015437633 ], [ 407736.605914268293418, 2924716.950927123893052 ], [ 407729.777702701394446, 2924724.199758900795132 ], [ 407720.241518848808482, 2924715.40715304017067 ], [ 407727.068933469709009, 2924708.047557015437633 ] ] ] } },
{ "type": "Feature", "properties": { "release": 2, "capture_dates_range": "2/3/2020-2/23/2020", "vda_id": "FMB2789", "ffe_elev_status": "elevated", "ffe_ft": 6.763170732, "ffe_lhsm_ft": 5.821463415, "ffe_foundation": "Wall" }, "geometry": { "type": "Polygon", "coordinates": [ [ [ 407691.582136115524918, 2924765.125280141364783 ], [ 407683.566228031704668, 2924773.601099769584835 ], [ 407672.925268854189198, 2924763.708828940521926 ], [ 407680.841466873476747, 2924755.233720284886658 ], [ 407691.582136115524918, 2924765.125280141364783 ] ] ] } },
{ "type": "Feature", "properties": { "release": 2, "capture_dates_range": "2/3/2020-2/23/2020", "vda_id": "FMB1915", "ffe_elev_status": "not-elevated", "ffe_ft": 0.0, "ffe_lhsm_ft": null, "ffe_foundation": "Slab-on-Grade" }, "geometry": { "type": "Polygon", "coordinates": [ [ [ 407576.672811334894504, 2924801.397428731899709 ], [ 407583.103684156958479, 2924808.218530212063342 ], [ 407573.496514792845119, 2924817.259711442049593 ], [ 407567.066439062356949, 2924810.549373960122466 ], [ 407576.672811334894504, 2924801.397428731899709 ] ] ] } },
{ "type": "Feature", "properties": { "release": 2, "capture_dates_range": "2/3/2020-2/23/2020", "vda_id": "FMB2285", "ffe_elev_status": "not-elevated", "ffe_ft": 0.0, "ffe_lhsm_ft": null, "ffe_foundation": "Slab-on-Grade" }, "geometry": { "type": "Polygon", "coordinates": [ [ [ 407871.365791498625185, 2924764.829795267898589 ], [ 407877.116050819749944, 2924774.092754904646426 ], [ 407864.508620923501439, 2924781.936840632464737 ], [ 407858.758355563622899, 2924772.673886391799897 ], [ 407871.365791498625185, 2924764.829795267898589 ] ] ] } },
{ "type": "Feature", "properties": { "release": 2, "capture_dates_range": "2/3/2020-2/23/2020", "vda_id": "FMB1918", "ffe_elev_status": "elevated", "ffe_ft": 9.182389937, "ffe_lhsm_ft": null, "ffe_foundation": "Wall" }, "geometry": { "type": "Polygon", "coordinates": [ [ [ 407828.576204827404581, 2925040.720374769065529 ], [ 407839.720926410518587, 2925051.384500898420811 ], [ 407832.693430117622484, 2925058.634717189241201 ], [ 407821.449001069413498, 2925047.971313593443483 ], [ 407828.576204827404581, 2925040.720374769065529 ] ] ] } },
{ "type": "Feature", "properties": { "release": 2, "capture_dates_range": "2/3/2020-2/23/2020", "vda_id": "FMB1921", "ffe_elev_status": "elevated", "ffe_ft": 6.421823204, "ffe_lhsm_ft": 5.844198895, "ffe_foundation": "Wall" }, "geometry": { "type": "Polygon", "coordinates": [ [ [ 407613.50466988212429, 2924792.713984353002161 ], [ 407626.95426470588427, 2924804.912048001307994 ], [ 407618.44625821680529, 2924814.277574721258134 ], [ 407604.996664406382479, 2924802.079519898165017 ], [ 407613.50466988212429, 2924792.713984353002161 ] ] ] } },
{ "type": "Feature", "properties": { "release": 2, "capture_dates_range": "2/3/2020-2/23/2020", "vda_id": "FMB1923", "ffe_elev_status": "elevated", "ffe_ft": 7.942982456, "ffe_lhsm_ft": 6.989824561, "ffe_foundation": "Wall" }, "geometry": { "type": "Polygon", "coordinates": [ [ [ 407909.22536788508296, 2924857.60049676662311 ], [ 407902.101989837130532, 2924865.405180938541889 ], [ 407893.972292354039382, 2924858.042299041990191 ], [ 407901.095669904258102, 2924850.237610404379666 ], [ 407909.22536788508296, 2924857.60049676662311 ] ] ] } },
{ "type": "Feature", "properties": { "release": 2, "capture_dates_range": "2/3/2020-2/23/2020", "vda_id": "FMB2286", "ffe_elev_status": "elevated", "ffe_ft": 12.1067033, "ffe_lhsm_ft": 9.195549451, "ffe_foundation": "Wall" }, "geometry": { "type": "Polygon", "coordinates": [ [ [ 407898.503171290387399, 2924711.357014729641378 ], [ 407912.694922956463415, 2924701.950885257218033 ], [ 407918.843223105417565, 2924711.100240712985396 ], [ 407904.751187554327771, 2924720.505647864658386 ], [ 407898.503171290387399, 2924711.357014729641378 ] ] ] } },
{ "type": "Feature", "properties": { "release": 2, "capture_dates_range": "2/3/2020-2/23/2020", "vda_id": "FMB2287", "ffe_elev_status": "elevated", "ffe_ft": 10.40018484, "ffe_lhsm_ft": null, "ffe_foundation": "Piles/Columns" }, "geometry": { "type": "Polygon", "coordinates": [ [ [ 407871.088652081787586, 2924781.778819302562624 ], [ 407883.114530230232049, 2924776.26497943745926 ], [ 407890.304447721748147, 2924791.609677838161588 ], [ 407878.2785813966766, 2924797.123511398676783 ], [ 407871.088652081787586, 2924781.778819302562624 ] ] ] } },
{ "type": "Feature", "properties": { "release": 2, "capture_dates_range": "2/3/2020-2/23/2020", "vda_id": "FMB2288", "ffe_elev_status": "elevated", "ffe_ft": 6.287226075, "ffe_lhsm_ft": 5.338210818, "ffe_foundation": "Wall" }, "geometry": { "type": "Polygon", "coordinates": [ [ [ 407919.235154820955358, 2924765.704526508692652 ], [ 407927.046686335466802, 2924770.411350839305669 ], [ 407918.866192895104177, 2924783.761855451390147 ], [ 407911.054666111129336, 2924779.055036170873791 ], [ 407919.235154820955358, 2924765.704526508692652 ] ] ] } },
{ "type": "Feature", "properties": { "release": 2, "capture_dates_range": "2/3/2020-2/23/2020", "vda_id": "FMB2790", "ffe_elev_status": "elevated", "ffe_ft": 7.664680851, "ffe_lhsm_ft": 6.650237797, "ffe_foundation": "Piles/Columns" }, "geometry": { "type": "Polygon", "coordinates": [ [ [ 407821.967020884912927, 2924925.793826570734382 ], [ 407813.955114468757529, 2924934.823363102972507 ], [ 407806.830450598034076, 2924928.560962667223066 ], [ 407814.84235626651207, 2924919.531421724706888 ], [ 407821.967020884912927, 2924925.793826570734382 ] ] ] } },
{ "type": "Feature", "properties": { "release": 2, "capture_dates_range": "2/3/2020-2/23/2020", "vda_id": "FMB1926", "ffe_elev_status": "elevated", "ffe_ft": 9.360822511, "ffe_lhsm_ft": 6.631904762, "ffe_foundation": "Wall" }, "geometry": { "type": "Polygon", "coordinates": [ [ [ 407746.050838948052842, 2924754.653855796437711 ], [ 407756.890369652071968, 2924764.433992597740144 ], [ 407748.283330229343846, 2924773.910905388183892 ], [ 407737.443800391221885, 2924764.130775784607977 ], [ 407746.050838948052842, 2924754.653855796437711 ] ] ] } },
{ "type": "Feature", "properties": { "release": 2, "capture_dates_range": "2/3/2020-2/23/2020", "vda_id": "FMB1934", "ffe_elev_status": "elevated", "ffe_ft": null, "ffe_lhsm_ft": null, "ffe_foundation": "Wall" }, "geometry": { "type": "Polygon", "coordinates": [ [ [ 407928.886994140979368, 2924929.567331973928958 ], [ 407919.310692299273796, 2924942.927861108444631 ], [ 407906.081616478739306, 2924933.607809480279684 ], [ 407915.756825610355008, 2924920.135795452166349 ], [ 407928.886994140979368, 2924929.567331973928958 ] ] ] } },
{ "type": "Feature", "properties": { "release": 2, "capture_dates_range": "2/3/2020-2/23/2020", "vda_id": "FMB1935", "ffe_elev_status": "elevated", "ffe_ft": 10.18674735, "ffe_lhsm_ft": 6.7002118, "ffe_foundation": "Piles/Columns" }, "geometry": { "type": "Polygon", "coordinates": [ [ [ 407792.065792278270237, 2924802.727319566532969 ], [ 407797.485123916063458, 2924807.562025881838053 ], [ 407802.432380403159186, 2924802.209751483052969 ], [ 407809.557909932511393, 2924808.582909815944731 ], [ 407797.685933549772017, 2924821.627731934189796 ], [ 407785.140277441241778, 2924810.309117475990206 ], [ 407792.065792278270237, 2924802.727319566532969 ] ] ] } },
{ "type": "Feature", "properties": { "release": 2, "capture_dates_range": "2/3/2020-2/23/2020", "vda_id": "FMB2858", "ffe_elev_status": "elevated", "ffe_ft": 12.04540031, "ffe_lhsm_ft": 10.31795918, "ffe_foundation": "Piles/Columns" }, "geometry": { "type": "Polygon", "coordinates": [ [ [ 408091.630907623271924, 2924444.025610393844545 ], [ 408097.767041199374944, 2924437.557297462131828 ], [ 408108.709435436176136, 2924447.780049826484174 ], [ 408102.573301645868924, 2924454.248357591219246 ], [ 408091.630907623271924, 2924444.025610393844545 ] ] ] } },
{ "type": "Feature", "properties": { "release": 2, "capture_dates_range": "2/3/2020-2/23/2020", "vda_id": "FMB2791", "ffe_elev_status": "elevated", "ffe_ft": 8.914974874, "ffe_lhsm_ft": 7.395376884, "ffe_foundation": "Wall" }, "geometry": { "type": "Polygon", "coordinates": [ [ [ 407798.46867583564017, 2924861.165196461137384 ], [ 407808.001516038086265, 2924869.51482040528208 ], [ 407797.71459079044871, 2924881.108309830073267 ], [ 407788.181751899246592, 2924872.758693463169038 ], [ 407798.46867583564017, 2924861.165196461137384 ] ] ] } },
{ "type": "Feature", "properties": { "release": 2, "capture_dates_range": "2/3/2020-2/23/2020", "vda_id": "FMB2215", "ffe_elev_status": "elevated", "ffe_ft": 3.049853372, "ffe_lhsm_ft": null, "ffe_foundation": "Crawlspace" }, "geometry": { "type": "Polygon", "coordinates": [ [ [ 408113.88112288643606, 2924501.574707678984851 ], [ 408126.341332168143708, 2924514.888017883058637 ], [ 408118.812435694213491, 2924521.809352046810091 ], [ 408107.859797580284066, 2924510.146723444573581 ], [ 408110.832105754874647, 2924507.467079657129943 ], [ 408109.324533013976179, 2924505.816404876764864 ], [ 408113.88112288643606, 2924501.574707678984851 ] ] ] } },
{ "type": "Feature", "properties": { "release": 2, "capture_dates_range": "2/3/2020-2/23/2020", "vda_id": "FMB2216", "ffe_elev_status": "not-elevated", "ffe_ft": 0.0, "ffe_lhsm_ft": null, "ffe_foundation": "Slab-on-Grade" }, "geometry": { "type": "Polygon", "coordinates": [ [ [ 408047.808832367125433, 2924507.143257849849761 ], [ 408038.178884537017439, 2924513.082815488800406 ], [ 408033.43686659069499, 2924505.363267285283655 ], [ 408043.067612152488437, 2924499.534465394448489 ], [ 408047.808832367125433, 2924507.143257849849761 ] ] ] } },
{ "type": "Feature", "properties": { "release": 2, "capture_dates_range": "2/3/2020-2/23/2020", "vda_id": "FMB2217", "ffe_elev_status": "elevated", "ffe_ft": 12.03529412, "ffe_lhsm_ft": 10.38529412, "ffe_foundation": "Piles/Columns" }, "geometry": { "type": "Polygon", "coordinates": [ [ [ 408016.472077078535222, 2924587.007812495809048 ], [ 408006.289207997964695, 2924599.26495860517025 ], [ 408001.374782197643071, 2924595.312663345597684 ], [ 408003.846111216756981, 2924592.304290844593197 ], [ 408001.638968632672913, 2924590.437115062959492 ], [ 408009.35050707962364, 2924581.188336251769215 ], [ 408016.472077078535222, 2924587.007812495809048 ] ] ] } },
{ "type": "Feature", "properties": { "release": 2, "capture_dates_range": "2/3/2020-2/23/2020", "vda_id": "FMB2289", "ffe_elev_status": "elevated", "ffe_ft": 14.31189189, "ffe_lhsm_ft": 12.58756757, "ffe_foundation": "Wall" }, "geometry": { "type": "Polygon", "coordinates": [ [ [ 407951.263479878660291, 2924587.807795726228505 ], [ 407964.224721837264951, 2924601.449652928393334 ], [ 407951.844302665675059, 2924613.168785261455923 ], [ 407938.783347488788422, 2924599.52765582408756 ], [ 407951.263479878660291, 2924587.807795726228505 ] ] ] } },
{ "type": "Feature", "properties": { "release": 2, "capture_dates_range": "2/3/2020-2/23/2020", "vda_id": "FMB1940", "ffe_elev_status": "not-elevated", "ffe_ft": 0.0, "ffe_lhsm_ft": null, "ffe_foundation": "Slab-on-Grade" }, "geometry": { "type": "Polygon", "coordinates": [ [ [ 407732.77090349374339, 2924946.262013299856335 ], [ 407743.711590571445413, 2924956.262938250321895 ], [ 407736.290836215834133, 2924964.291389807593077 ], [ 407725.350149695528671, 2924954.290471113752574 ], [ 407732.77090349374339, 2924946.262013299856335 ] ] ] } },
{ "type": "Feature", "properties": { "release": 2, "capture_dates_range": "2/3/2020-2/23/2020", "vda_id": "FMB2792", "ffe_elev_status": "elevated", "ffe_ft": 7.071320755, "ffe_lhsm_ft": 5.592115903, "ffe_foundation": "Piles/Columns" }, "geometry": { "type": "Polygon", "coordinates": [ [ [ 407642.39895576168783, 2924761.824025970418006 ], [ 407652.134581220278051, 2924770.615139502566308 ], [ 407645.011303747247439, 2924778.419968702830374 ], [ 407637.283428150520194, 2924771.497410116251558 ], [ 407640.448619134956971, 2924767.930142049212009 ], [ 407638.441667252860498, 2924766.172351218294352 ], [ 407642.39895576168783, 2924761.824025970418006 ] ] ] } },
{ "type": "Feature", "properties": { "release": 2, "capture_dates_range": "2/3/2020-2/23/2020", "vda_id": "FMB2218", "ffe_elev_status": "elevated", "ffe_ft": 8.839160839, "ffe_lhsm_ft": 8.335664336000001, "ffe_foundation": "Piles/Columns" }, "geometry": { "type": "Polygon", "coordinates": [ [ [ 408083.416775245219469, 2924619.757467865478247 ], [ 408097.091163411270827, 2924607.696902655996382 ], [ 408103.223503814602736, 2924614.631159903481603 ], [ 408089.549117795424536, 2924626.691718729678541 ], [ 408083.416775245219469, 2924619.757467865478247 ] ] ] } },
{ "type": "Feature", "properties": { "release": 2, "capture_dates_range": "2/3/2020-2/23/2020", "vda_id": "FMB2290", "ffe_elev_status": "elevated", "ffe_ft": 5.890540541, "ffe_lhsm_ft": 4.824633205, "ffe_foundation": "Piles/Columns" }, "geometry": { "type": "Polygon", "coordinates": [ [ [ 407925.108995710965246, 2924583.786408327519894 ], [ 407911.126858092960902, 2924594.630956544075161 ], [ 407901.567653228819836, 2924582.626201858744025 ], [ 407915.54900170059409, 2924571.670884356833994 ], [ 407925.108995710965246, 2924583.786408327519894 ] ] ] } },
{ "type": "Feature", "properties": { "release": 2, "capture_dates_range": "2/3/2020-2/23/2020", "vda_id": "FMB2291", "ffe_elev_status": "elevated", "ffe_ft": 8.584017467000001, "ffe_lhsm_ft": 8.06768559, "ffe_foundation": "Wall" }, "geometry": { "type": "Polygon", "coordinates": [ [ [ 407917.52073718549218, 2924610.202912796288729 ], [ 407905.7179603438708, 2924619.038058370351791 ], [ 407889.309246862772852, 2924597.445936840027571 ], [ 407901.111238364770543, 2924588.50001747906208 ], [ 407917.52073718549218, 2924610.202912796288729 ] ] ] } },
{ "type": "Feature", "properties": { "release": 2, "capture_dates_range": "2/3/2020-2/23/2020", "vda_id": "FMB1943", "ffe_elev_status": "elevated", "ffe_ft": 10.16756757, "ffe_lhsm_ft": 8.054826255, "ffe_foundation": "Wall" }, "geometry": { "type": "Polygon", "coordinates": [ [ [ 407875.744795742502902, 2924971.928783581126481 ], [ 407888.689048605272546, 2924983.24461810849607 ], [ 407874.248624199011829, 2924999.630767684429884 ], [ 407860.90315568697406, 2924987.985534633509815 ], [ 407866.540365185937844, 2924981.520676726475358 ], [ 407862.526589650660753, 2924978.005027437116951 ], [ 407865.98772966931574, 2924973.992628925014287 ], [ 407870.503227239241824, 2924977.94773566769436 ], [ 407875.744795742502902, 2924971.928783581126481 ] ] ] } },
{ "type": "Feature", "properties": { "release": 2, "capture_dates_range": "2/3/2020-2/23/2020", "vda_id": "FMB1944", "ffe_elev_status": "not-elevated", "ffe_ft": 0.0, "ffe_lhsm_ft": null, "ffe_foundation": "Slab-on-Grade" }, "geometry": { "type": "Polygon", "coordinates": [ [ [ 407684.700514814292546, 2924917.365901165176183 ], [ 407690.538682037324179, 2924911.121048262342811 ], [ 407700.776691352773923, 2924920.462404926307499 ], [ 407695.038232172490098, 2924926.706535752397031 ], [ 407684.700514814292546, 2924917.365901165176183 ] ] ] } },
{ "type": "Feature", "properties": { "release": 2, "capture_dates_range": "2/3/2020-2/23/2020", "vda_id": "FMB2292", "ffe_elev_status": "elevated", "ffe_ft": 6.795125448, "ffe_lhsm_ft": 5.552114695, "ffe_foundation": "Piles/Columns" }, "geometry": { "type": "Polygon", "coordinates": [ [ [ 407888.721859434153885, 2924682.296069046948105 ], [ 407894.246478612883948, 2924687.905414395965636 ], [ 407882.956656841619406, 2924698.730670628137887 ], [ 407877.531747185566928, 2924693.120614058338106 ], [ 407888.721859434153885, 2924682.296069046948105 ] ] ] } },
{ "type": "Feature", "properties": { "release": 2, "capture_dates_range": "2/3/2020-2/23/2020", "vda_id": "FMB1947", "ffe_elev_status": "not-elevated", "ffe_ft": 0.0, "ffe_lhsm_ft": null, "ffe_foundation": "Slab-on-Grade" }, "geometry": { "type": "Polygon", "coordinates": [ [ [ 407795.386725028161891, 2925015.039896579924971 ], [ 407805.58019624237204, 2925004.333190840203315 ], [ 407814.815398152451962, 2925012.906486527062953 ], [ 407804.622722693893593, 2925023.723944278433919 ], [ 407795.386725028161891, 2925015.039896579924971 ] ] ] } },
{ "type": "Feature", "properties": { "release": 2, "capture_dates_range": "2/3/2020-2/23/2020", "vda_id": "FMB2293", "ffe_elev_status": "not-elevated", "ffe_ft": 0.0, "ffe_lhsm_ft": null, "ffe_foundation": "Slab-on-Grade" }, "geometry": { "type": "Polygon", "coordinates": [ [ [ 407779.26864277862478, 2924687.06993458326906 ], [ 407770.528379824478179, 2924691.895658935420215 ], [ 407774.164925179851707, 2924698.404647707939148 ], [ 407768.007579826342408, 2924701.882626825943589 ], [ 407759.624130308860913, 2924686.989632753189653 ], [ 407774.520951773563866, 2924678.575163180008531 ], [ 407779.26864277862478, 2924687.06993458326906 ] ] ] } },
{ "type": "Feature", "properties": { "release": 2, "capture_dates_range": "2/3/2020-2/23/2020", "vda_id": "FMB2294", "ffe_elev_status": "elevated", "ffe_ft": 8.368680089, "ffe_lhsm_ft": 7.015659955, "ffe_foundation": "Wall" }, "geometry": { "type": "Polygon", "coordinates": [ [ [ 407905.582889556302689, 2924766.910175267141312 ], [ 407896.480378839420155, 2924776.83360136533156 ], [ 407891.161578359897248, 2924772.108897430822253 ], [ 407900.264088613097556, 2924762.185467596631497 ], [ 407905.582889556302689, 2924766.910175267141312 ] ] ] } },
{ "type": "Feature", "properties": { "release": 2, "capture_dates_range": "2/3/2020-2/23/2020", "vda_id": "FMB2219", "ffe_elev_status": "elevated", "ffe_ft": 8.012345679, "ffe_lhsm_ft": null, "ffe_foundation": "Wall" }, "geometry": { "type": "Polygon", "coordinates": [ [ [ 408058.798851418134291, 2924635.330181000754237 ], [ 408048.496426824771333, 2924644.81902978150174 ], [ 408039.050596854591276, 2924634.696367866359651 ], [ 408046.380755680147558, 2924627.887171246111393 ], [ 408051.003961305657867, 2924632.949218650348485 ], [ 408053.975434731051791, 2924630.158800947945565 ], [ 408058.798851418134291, 2924635.330181000754237 ] ] ] } },
{ "type": "Feature", "properties": { "release": 2, "capture_dates_range": "2/3/2020-2/23/2020", "vda_id": "FMB2295", "ffe_elev_status": "elevated", "ffe_ft": 7.963272727, "ffe_lhsm_ft": 5.809272727, "ffe_foundation": "Wall" }, "geometry": { "type": "Polygon", "coordinates": [ [ [ 407968.713773388823029, 2924782.407271512784064 ], [ 407964.068336244265083, 2924774.243995911441743 ], [ 407979.462138346396387, 2924765.604669232852757 ], [ 407984.107568383100443, 2924773.767950125969946 ], [ 407968.713773388823029, 2924782.407271512784064 ] ] ] } },
{ "type": "Feature", "properties": { "release": 2, "capture_dates_range": "2/3/2020-2/23/2020", "vda_id": "FMB2859", "ffe_elev_status": null, "ffe_ft": null, "ffe_lhsm_ft": null, "ffe_foundation": null }, "geometry": { "type": "Polygon", "coordinates": [ [ [ 408131.967353991523851, 2924478.95993476966396 ], [ 408131.871392307570204, 2924465.558080816175789 ], [ 408139.747838775394484, 2924465.390920607373118 ], [ 408139.943504012597259, 2924478.792060468811542 ], [ 408131.967353991523851, 2924478.95993476966396 ] ] ] } },
{ "type": "Feature", "properties": { "release": 2, "capture_dates_range": "2/3/2020-2/23/2020", "vda_id": "FMB2220", "ffe_elev_status": "elevated", "ffe_ft": 8.461538462, "ffe_lhsm_ft": 7.615384615, "ffe_foundation": "Piles/Columns" }, "geometry": { "type": "Polygon", "coordinates": [ [ [ 408093.773732587113045, 2924687.471351387444884 ], [ 408107.360245108022355, 2924677.07289592595771 ], [ 408113.701488211343531, 2924685.334839118178934 ], [ 408100.213896529108752, 2924695.621814650483429 ], [ 408093.773732587113045, 2924687.471351387444884 ] ] ] } },
{ "type": "Feature", "properties": { "release": 2, "capture_dates_range": "2/3/2020-2/23/2020", "vda_id": "FMB2221", "ffe_elev_status": "not-elevated", "ffe_ft": 0.0, "ffe_lhsm_ft": null, "ffe_foundation": "Slab-on-Grade" }, "geometry": { "type": "Polygon", "coordinates": [ [ [ 408087.8926674342365, 2924659.933037848211825 ], [ 408077.797599374258425, 2924670.528026249725372 ], [ 408073.48069135233527, 2924666.460658697411418 ], [ 408074.866319045482669, 2924665.010787131730467 ], [ 408064.224793227738701, 2924655.007440132554621 ], [ 408068.678428488725331, 2924650.323402013629675 ], [ 408073.195557810598984, 2924654.500098294112831 ], [ 408077.45215626549907, 2924650.149769731331617 ], [ 408087.8926674342365, 2924659.933037848211825 ] ] ] } }
]
}
